Accession,HumanAcc,SPC
B9EJV3,Q9C091,1
A7L9Z8,O75185,2
Q9D666,O94901,1
Q5GH64,Q5GH72,1
Q60748,Q13324,3
Q8BG39,Q7L1I2,2
Q8BPS4,Q86V85,3
Q8R3I2,Q6ZWT7,2
Q3U0X8,P40200,4
P15499,P23942,3
Q62028,Q13018,4
P32958,Q03395,1
Q9Z138,Q01974,3
Q810K3,Q8IWX5,2
Q8CCG4,Q7L190,1
Q9D4J3,Q8N8Z6,3
Q8BKU8,Q96K49,3
Q1RLK6,Q9C0J1,1
Q9CQQ0,Q96KF7,1
P49772,P49771,4
Q9DCA7,Q9NYX4,3
Q8CAE9,Q9NZ53,4
Q91ZV7,Q8IUK5,3
Q8VBX4,Q9UJ71,3
A2A9Q0,F2Z333,2
P97363,O15270,1
Q8BG75,Q66K66,1
A2AKQ0,Q9NTN3,1
Q80TS3,Q9HAR2,1
Q9EQH7,O95803,1
P63024,Q15836,1
Q9R1B9,O94813,1
Q8BSM7,O75387,2
Q8BTY2,Q9Y6M7,3
Q2EG98,Q7Z443,2
Q01887,P34925,3
O08579,P50402,1
Q63961,P17813,4
P14753,P19235,4
Q9D379,P07099,1
Q8BN82,Q9NRA2,2
Q3U507,Q9BXC1,2
O08675,O00254,4
Q76K27,Q96JF0,1
Q8R4F1,Q96CW9,1
Q810C0,Q9H156,3
Q6H1V1,Q8N1M1,2
Q8BFQ2,Q8NBD8,2
T1NXB5,Q8IW00,3
Q8C3K5,A0PK05,1
Q9D8K3,Q96Q80,1
Q3V3Z3,Q8IZF4,2
Q58Y75,Q8IZF5,2
B2RPY5,Q8N6U8,3
Q8BHY8,Q9Y5W7,2
P32300,P41143,2
P33534,P41145,3
Q8BW75,P27338,1
P97926,P30559,3
O35664,P48551,4
P56404,O94778,3
Q810S1,Q9NWR8,2
Q921R8,Q96GZ6,2
Q8BRH0,Q6ZXV5,1
Q8BG28,Q8NCR0,1
B1AS29,Q13003,3
A2ANU3,Q9H7V2,2
Q8BLA8,O75762,2
O35451,Q99941,1
Q9D7P7,O95833,1
P49769,P49768,3
P35438,Q05586,3
Q8BFW9,Q8TD20,2
Q61153,P49895,1
P70205,P41586,3
Q05685,P14207,2
Q9Z0M3,Q9HBT6,3
P56818,P56817,4
Q9CQN6,Q9P0S9,2
Q5S248,Q9UL52,2
Q5ND28,Q14162,2
P70310,O95665,3
P47759,Q9Y328,1
P97808,Q96DB9,3
P23275,O95371,3
P0DM40,A0AVI2,2
O35235,O14788,4
Q9D665,Q8WUS8,1
Q0VG18,O75264,1
Q8BWC0,Q8NHX9,2
Q9WU02,P47901,3
Q9CRA0,Q93070,2
Q9D687,Q695T7,3
Q9Z1K8,Q9UM01,3
Q9WTS5,Q9NT68,2
Q9R0M3,P78539,1
P70225,Q14626,4
P70225,Q14626,4
Q64385,Q14626,4
P70225,Q14626,4
P70172,Q12908,3
Q02858,Q02763,4
Q3UU94,A6NHS7,2
Q62011,Q86YL7,2
Q9JHI8,Q9NPH5,3
Q9EQF4,A6ND01,1
Q7TN73,Q96PB1,2
Q3URE9,Q7L985,3
Q4FZC9,Q6ZMZ3,1
Q9Z0V7,O60830,1
Q60805,Q12866,3
Q5IRJ6,Q6PML9,1
Q640P4,Q9H1C3,1
Q5FWH7,Q504Y0,2
Q8BLQ7,O43246,3
P56564,P43003,3
P70658,P61073,4
Q9R0N7,O43581,1
Q9R0W9,Q15825,2
Q8R366,Q969P0,4
Q8BGK5,Q5T1Q4,1
A2A863,P16144,3
P34902,P31785,4
Q9JHG1,P57054,1
Q8BI08,Q969L2,2
O09126,Q92854,4
Q3UW55,O95925,1
P40224,P48061,1
A2AE42,Q8N8Q1,2
P70385,P37058,1
Q64018,P23415,3
Q0P543,P48546,3
Q9D024,Q96A33,1
Q8C310,Q8WZ75,1
O09111,Q9NX14,1
Q8K4B4,Q5VWK5,4
Q78IS1,Q9Y3Q3,2
Q9CZ16,Q8NBL3,3
O35623,O15155,1
F6VAN0,P18850,1
Q9R0Y1,Q9NY37,3
Q91VC4,Q9BX97,2
Q9EQS9,Q8TDY8,3
Q9QUM0,P08514,4
Q9CYN2,Q15005,1
Q6P4T1,Q92543,1
O35161,Q9NYQ6,2
Q8BGV3,P09758,3
Q99JW5,P16422,4
P59862,Q8IXH8,3
P20826,P21583,4
P70180,P17342,3
Q01721,P54826,1
Q7TPB0,Q6T4P5,2
Q8BXA1,O00461,1
Q8BFU7,O00398,3
B7ZCC9,Q8IZF6,3
P0CW70,Q6NUT2,2
Q80T79,Q7Z407,3
Q3UQ44,Q13576,1
Q8K135,Q8IZA0,2
A2AV25,Q8N539,2
Q9D035,Q4KMZ8,3
Q8BI36,Q9P055,1
Q8BMF8,Q6ZMI3,2
Q5I012,Q9HBR0,1
Q3UH53,Q7Z5N4,3
Q3UPL6,Q8N5U1,3
Q99LG1,Q9NW97,2
Q3UJU9,Q96TC7,1
O08852,P98161,3
A2AKM2,Q5VWC8,3
Q5FWC3,Q5J8X5,1
Q99JY6,Q9P298,2
Q8BW93,Q9P296,4
Q6J9G1,Q6J9G0,1
Q6DYE8,O14638,2
Q02242,Q15116,4
P70406,P55851,1
P56501,P55916,1
Q66JT7,Q96H96,2
Q9JIM1,Q99808,3
Q9D8D0,Q96RJ3,3
Q9ET35,O14836,4
P22724,P56705,1
Q99N07,Q9H2W1,4
Q9JLG4,Q9NZM6,2
Q8BZN2,Q6PIU1,2
Q91XC9,Q9Y5Y5,1
Q9JJH7,Q9NZQ8,3
P28571,P48067,3
Q8VI64,Q8TDB4,1
Q8VFX2,A6NL26,3
Q9D9K8,Q8N6M8,1
Q9EPL0,Q9H1B5,1
Q9ET80,Q9HDC5,1
Q9ET77,Q8WXH2,1
Q9ESG4,Q9HBJ8,3
Q91ZB8,Q8TDS7,3
Q8CEF8,A6NCQ9,1
Q9QYC1,Q96RV3,2
Q9JIP7,P46059,2
Q9D7B7,Q8TED1,1
Q91XE7,Q8NHE4,2
Q9R1K6,Q9UPC5,3
Q7TMA4,Q5NUL3,2
G3UVW3,Q8IZM9,2
Q80SX5,Q7RTS6,3
B1AWJ5,A6NDV4,3
Q9EQ16,O00574,4
Q99M96,Q9NRC1,1
Q91XQ6,Q86VI4,2
Q8C0T9,Q96PN6,1
Q9Z2J0,Q9UHI7,4
Q5RJI2,Q8NCS7,3
O88410,P49682,4
P58681,Q9NYK1,4
Q9CZN4,B4DS77,2
O08688,O15484,1
Q3UHK6,Q6N022,2
Q9D563,B3SHH9,2
Q9R1Q6,Q3YBM2,2
Q3TUA9,Q9H5K3,1
A2RSQ0,Q6ZUT9,1
Q8R4Y0,Q96LA6,4
Q8QZS5,Q96D59,2
Q80YA7,Q6V1X1,1
Q5RJF7,Q7Z3S7,1
Q3TZ87,Q86YJ5,2
Q9QX29,Q9UL62,1
Q5ND34,Q562E7,1
Q9JJQ0,Q92521,1
Q3KNA1,Q96LB2,3
Q8R2Y2,P43121,4
P62046,Q9Y2L9,1
Q99PL8,Q9BZV2,3
B2RXV4,Q9Y5Y0,4
Q9QXA6,P82251,2
Q91WC3,Q9UKU0,3
P46662,P35240,1
Q80TA1,Q9C0D9,1
Q9D7D7,Q96B33,2
Q99KW9,Q8TB96,4
Q6PDF3,Q8N434,3
Q64676,Q16880,2
Q7TML3,Q8IXU6,3
Q60935,P52961,3
O55143,P16615,1
Q80YE4,Q6ZMQ8,1
Q6PEM8,Q96NT5,3
A2AVR2,Q68CQ1,1
Q91WN4,O15229,2
Q61137,O14525,2
Q8BGV8,Q9NQG6,1
P70295,Q9Y679,1
Q9JHJ3,Q8WWB7,3
Q91VH1,Q96A54,2
Q6NXK8,P78348,2
Q9JJL9,Q9NPC1,3
Q923J1,Q96QT4,2
Q99PG0,P22760,1
Q99ML4,Q5VUD6,1
Q8CIM5,Q9NQS5,3
Q91V98,Q9HCU0,4
P97952,Q07699,3
Q61180,P37088,3
Q7TQQ0,Q8NGC2,3
Q60878,Q8NH37,3
O55192,P23975,2
Q60857,P31645,3
P16301,P04180,1
Q9D081,Q96F25,1
Q0VGT4,Q86YA3,1
O54707,Q13241,2
Q8BMP4,Q99527,3
Q920E3,Q8NCM2,2
Q6X893,Q8WWI5,4
Q3U497,A8K4G0,3
Q61603,Q5JXX5,2
P20491,P30273,2
Q8BGY7,Q96ND0,2
P17156,P54652,1
Q8VEN2,Q6UQ28,2
Q8C102,Q7Z7M9,1
Q99PN0,Q92911,3
P70669,P78562,2
Q9D136,Q6PK18,1
A2ADU8,Q6ZPD8,1
E9Q7X6,Q9ULI3,2
A2AFS3,Q6UXG2,3
Q8QZY6,Q8NG11,2
Q8R2Y0,Q9BV23,1
Q8K097,Q9BWQ8,3
P70387,Q30201,4
Q80V53,Q8NCH0,1
Q8C145,Q13433,3
Q9DBZ1,Q70UQ0,1
Q7M722,Q9NYW0,2
P48036,P08758,1
Q149M0,Q2HXU8,4
Q64322,Q9NQX5,2
Q9CPV0,Q6UX40,2
Q61285,Q9UBJ2,2
P70259,P51810,3
Q9EQR5,Q9H400,1
Q8C4N4,Q6ZP29,3
A3KFU9,Q9P2K9,2
A2AJ88,Q6ZV29,1
Q9D8K8,Q9BZJ4,1
Q9CR33,Q9H8J5,3
O35114,Q14108,3
Q149R9,Q9H1C0,4
Q00731,P15692,1
P55088,P55087,3
J3QNX5,B8ZZ34,1
Q31125,Q92504,2
P15388,P48547,2
Q9Z0S6,P78369,2
P14094,P05026,4
Q9CRG1,Q9NS93,4
Q6QD59,Q12981,2
Q99P72,Q9NQC3,1
Q921Q3,Q9BT22,1
Q8R0J4,Q9H6X4,2
Q8R411,Q8N699,1
Q8C0N2,Q53EU6,2
Q8VIK2,Q567V2,1
Q91VE0,Q6P1M0,2
E9Q6C8,Q5GH73,2
Q60931,Q9Y277,1
P61620,P61619,1
P97326,P55285,4
Q9JJJ7,Q9H237,2
Q3U213,Q96JX3,1
Q765H6,Q3V5L5,2
Q9CQM2,P33947,1
Q8VCV9,Q5TF39,3
Q5DTK1,Q70JA7,1
Q09200,Q00973,1
Q9WV18,Q9UBS5,3
P55096,P28288,1
Q9D2C7,P55061,3
Q8R2Z3,Q8TE54,2
Q5GH68,Q6PP77,1
Q8BFU8,Q8NDX2,3
Q8VEM8,Q00325,2
Q9QUI1,Q8N5H3,1
P50636,Q9NV58,2
Q9Z0M6,P48960,4
Q9Z125,Q96BA8,1
Q9CX98,Q7Z449,1
P56384,P48201,1
P43252,P43119,3
Q06180,P17706,1
Q99LH2,P48651,2
Q920S2,Q7RTY9,1
Q3V0B4,Q6ZU64,2
A2ADU9,Q58HT5,1
Q9WTW5,O75751,3
A9JSM3,C9JI98,1
Q9JKV7,Q92935,1
Q3UR32,P56373,3
Q9JJX6,Q99571,4
Q9Z1M0,Q99572,3
Q8VEA7,P57738,3
Q8BG22,Q9UQC9,3
Q9JJV5,O60359,3
Q6NWW9,Q53EP0,2
Q91ZH7,Q8WU67,1
Q14DK4,Q6NUI2,1
Q6UQ17,O60423,2
Q91XD7,Q96HD1,1
Q6TCG5,Q6TCH4,2
Q3UM83,A4D1S0,2
Q9CXM0,Q9H9P2,4
Q8BFU1,Q9NUM3,3
Q61627,Q9ULK0,3
Q61879,P35580,1
P0C5J4,Q9Y2T5,2
Q60673,Q16849,4
Q3TZW0,Q19T08,2
P56983,Q9Y6G1,2
Q9JIF3,Q9NY64,4
Q6PI62,Q9NS66,3
P60894,P60893,3
Q710D3,Q86WB7,3
Q99NH8,Q9NZC2,4
Q64702,O00444,1
Q8BVG8,Q8WUY8,1
Q64519,O75056,3
Q9D9E0,Q8WUG5,3
Q80VJ8,Q8N6L0,1
Q7TQ65,Q7Z404,2
Q8VDT1,Q2M3M2,3
Q8K2P7,Q9H2H9,4
Q9D1I2,Q96LW7,1
Q5U419,Q96ES6,1
P56563,P55344,4
Q99JT6,Q96CP7,2
Q9EP78,Q9NS84,1
Q9CQX5,Q9NY35,3
Q9NWG9,Q9H213,1
Q3TQB2,Q96CU9,1
Q8JZL1,Q8NFM7,3
Q99J27,O00400,2
P29533,P19320,4
Q52KR2,O94898,3
Q8R007,Q96NY8,3
Q8R1E7,Q8WY98,2
Q9JM62,Q96HR9,2
Q8R087,Q9UBV7,1
Q8BFQ6,Q96SL1,2
A2A3V2,Q8WUT9,1
Q9DA75,Q8NA29,2
Q8CB67,Q86VZ4,3
Q922Q8,Q96AG4,2
Q3TTY0,Q6P1J6,3
Q64445,P10176,1
Q8C4X7,P59773,1
Q9WTR5,P55290,2
Q9QZ39,Q9NSC7,1
O55026,Q9Y5L3,2
Q0GA42,Q9NRU3,1
Q61885,Q16653,3
O35658,Q07021,1
P70407,Q9ULB4,3
Q8BHC4,Q8WVC6,1
Q9CW42,Q5VT66,1
P24823,P10696,1
Q9DAZ5,Q9BVV8,1
P21440,P21439,4
Q8CFW1,Q9NQ90,3
P98199,P98198,1
P97464,Q16394,1
Q9CXY1,Q9BSA9,1
Q8C6U2,Q8N755,2
O35632,Q12891,2
Q05A56,Q2M3T9,1
Q6P6M5,Q96HA9,1
P58873,P58872,2
Q6GQW0,A6QL63,1
Q64253,Q16553,1
Q6PIX9,Q9BSJ5,2
Q8BGI5,Q7Z412,1
Q8BHW5,Q5JRV8,2
Q9D123,Q86XT9,3
Q80ZE5,Q8TEZ7,2
D3Z291,Q8IU99,2
Q9D0N8,Q6PEY1,2
Q75UR0,Q75V66,3
Q8BPX9,Q8IY34,3
P59267,Q9UIJ5,1
Q8CAL5,P78333,1
A2AGA4,Q9NX52,2
Q8BMD6,Q9NX78,2
Q8C0K5,P16260,1
Q9JHR7,P14735,1
Q3UWA6,P25092,3
Q80X72,Q8TF66,3
P03888,P03886,1
P00848,P00846,1
P00158,P00156,1
P00397,P00395,1
P00405,P00403,1
Q9CX19,Q5T6X4,1
Q8R138,Q4V9L6,2
Q8BH02,Q9NXH8,1
Q8QZR0,Q8N609,2
Q8QZW3,Q8WW52,1
Q14B02,Q8WVZ7,2
O89112,O43813,1
Q8BWY2,Q8NC01,4
Q9R1Q9,Q15904,2
O08734,Q16611,2
Q8R2G4,Q13508,3
P24721,P07307,3
O35245,Q13563,3
P01731,P01732,4
Q059U7,Q9ULD6,1
Q3V009,Q13445,2
Q9QZ03,Q9NY26,2
Q8BXR1,Q8TBB6,3
Q9JJZ9,Q9NQW8,2
P20934,P22794,4
Q66JT1,Q6NSJ5,2
Q8BWM0,Q9H7Z7,1
P56392,P24310,1
Q9ER80,Q96DX8,1
A2ALW5,Q9H1X3,1
Q9QYJ1,Q9BVH7,1
Q9D6F4,P48169,3
P62956,P62955,2
Q925D8,Q7RTX0,3
Q9WVM1,Q9H0H5,1
Q8BXA0,Q96NI6,3
O35902,P32926,3
Q9ET66,Q6UXB8,3
Q62442,P23763,2
P29812,P40126,3
Q5F226,Q9NYQ8,3
Q7TN37,Q8TD43,2
Q8VDD5,P35579,1
Q9QUM4,Q13291,4
Q8VEK0,Q9NV96,3
Q99PE8,Q9H222,3
Q8BZR0,Q96P67,2
P01831,P04216,3
Q61542,Q14849,2
Q9CQS8,P60468,1
Q8C817,Q86VY9,2
Q8K4F0,Q15762,4
Q7TQ69,Q7Z5M5,1
Q9D2Z1,Q6UY09,2
A2A6C4,Q8IUH8,2
B1AXV0,Q9P0K9,2
Q9CPV9,Q9H244,4
Q91Y63,Q8WWT9,3
Q8BWT5,Q14689,1
Q9JLR9,Q9Y241,2
Q8K064,Q3ZCQ3,3
Q64448,Q9Y6H8,3
Q5QR91,Q8N4C9,2
Q8BTJ4,Q9Y6X5,3
Q56A06,Q8N394,2
P82349,Q16585,3
P82348,Q13326,1
Q9R0L9,Q04900,4
Q6ZQ29,Q9UL54,2
Q5RL79,Q8N6L1,3
Q3UEZ8,Q96EP9,3
Q8C996,Q8TC26,2
O08747,O95185,3
Q9WV91,Q9P2B2,4
P56857,P56856,3
P0C191,Q9HCN6,4
Q8K078,Q96BD0,3
Q9ERG0,Q9UHB6,1
Q8C2R7,Q9H3S5,1
Q61072,Q13443,4
Q9Z211,O75192,1
Q3ZK22,Q9HBM0,1
G3X939,P48764,4
Q9CWU2,Q8IUH4,1
Q3TRM4,Q8IY17,1
Q9R0S2,Q9Y5R2,2
Q8BGG0,Q8IWU4,2
O88892,O75920,1
O88892,O75920,1
O55100,O43759,1
Q9JK45,Q9NR82,2
Q18PI6,Q9UIB8,4
Q9QZI8,Q9NRX5,3
Q9D2E9,Q8WZ59,2
Q920V1,O75752,1
Q80Z96,Q8TAA9,1
Q9EQQ4,Q9Y5Y3,3
Q91WU6,Q9NXF8,2
Q8BGI1,Q9Y225,1
Q7TMV1,Q8WU17,1
Q8VHE0,Q9UGP8,1
Q80WT4,Q14439,2
Q91ZV8,Q96PE1,2
Q8BWG9,Q96D31,2
Q8BM96,Q96K78,3
Q80UG2,Q9HCM2,2
P68500,O94779,1
Q8C4U2,Q8NBT3,3
Q3U2C5,Q8NC42,3
P59268,Q9Y397,1
Q8CF93,Q8IUC8,1
Q5QD17,Q9P1P5,2
Q99JR1,Q9H9B4,1
Q9JHJ7,Q9Y6M0,1
Q8VCA5,Q9NRS4,2
O54798,P32247,3
P18572,P35613,4
Q05928,P35070,3
Q68FE2,Q7Z3C6,3
P21958,Q03518,1
P06804,P01375,3
P09225,P01374,1
P07750,P05112,1
P10810,P08571,3
Q61609,Q8WUM9,2
P51906,P43005,3
Q9DCF1,Q86YD3,2
P14439,P01903,4
Q9ES81,Q9HBV1,1
P70126,O15466,1
Q9DC60,Q9Y5Z9,2
Q80UX8,Q7L211,2
Q9EQJ0,Q9ULQ1,2
O09009,Q9Y644,1
Q8BH51,Q96I36,1
O88704,O60741,2
P01580,P01579,1
Q0VBF2,Q4KMG9,1
Q68SN8,Q96RD9,4
Q01341,O43306,3
Q8BGI3,O15503,2
Q60837,P42701,4
Q925I4,Q8TE23,3
Q8BXR5,Q8IZF0,2
Q9D6J5,O95169,1
Q8CD26,Q96K37,1
Q91XB7,O95070,2
Q9DA79,Q9H4B8,1
Q3UBX0,Q9BVC6,2
Q920L5,Q9H5J4,1
Q8BGN6,Q9BZD6,2
Q6PAQ9,Q9BZD7,2
Q8BQC3,Q8IVU1,3
O08547,O75396,1
P56135,P56134,1
O88602,Q9Y698,3
Q8R0Z2,Q16206,1
P46097,Q8N9I0,2
Q9D2V8,Q14728,2
Q9D2F0,A6NLX4,1
P11627,P32004,4
Q76I79,Q8WYL5,1
Q8CBW7,Q5VXU3,1
Q61847,Q16820,3
A2RT91,Q7Z5J8,1
Q8BI84,Q5JRA6,1
Q9QZW0,Q8NB49,2
O35488,O14975,1
Q9JKV5,Q969E2,2
Q923L3,Q96PZ7,4
Q68FM6,Q5R3F8,3
Q9CXR4,Q92535,1
P52875,Q9HC07,1
P97429,P09525,1
Q6PIE5,P50993,4
Q61762,P22460,2
Q61923,P17658,2
P63250,P48549,3
Q9JM63,P78508,2
P48542,P48051,2
Q791T5,Q9NZJ7,1
Q80TL1,Q08462,2
O08914,O00519,1
Q8K385,Q6ZNA5,3
Q8R1L4,O43731,1
Q8BU33,A1L0T0,1
Q80UP8,Q08357,3
Q8VEZ0,Q8WZ94,3
Q8VG42,Q8WZ94,3
O55111,Q14126,2
Q91ZB5,Q86SM5,2
Q06186,Q99075,4
Q61495,Q02413,2
Q7TSF1,Q02413,2
P55850,Q14574,3
Q8BWQ1,Q6UWM9,2
O35599,P04000,3
Q8BLC3,Q8N2G4,1
Q8C811,P0CK96,1
Q9CYB0,O60858,2
Q5NCE8,Q9HD23,2
P47750,P16473,3
Q91VX9,Q9H0V1,1
Q9EQW8,Q9H3R1,1
Q3TXX3,Q5T4F4,3
P98156,P98155,3
Q61743,Q14654,2
Q8CB19,Q8N3S3,1
Q91Y11,Q9Y5I2,2
Q6PFE7,Q8IYR6,3
Q8BRU6,Q05940,3
B6A8R8,B6A8C7,2
O35316,P31641,3
P31648,P30531,3
Q9DBP0,O95436,3
Q8BH01,Q6UWJ1,4
Q7TNG5,O95834,1
Q9Z1W5,Q9Y6X1,1
E9Q355,Q6ZRH7,3
C6KI89,Q6ZRH7,3
Q14BT6,Q9UNA3,1
Q7TNU7,Q2VYF4,1
Q99N28,Q8N126,3
O88516,Q9NYJ7,2
Q9JHE3,Q9NR71,1
A2ALI5,Q9UKB5,3
Q8CFG0,Q8IWU5,1
Q9CQT9,Q9BUV8,1
Q61907,Q9UBM1,1
Q69ZN7,Q9NZM1,3
Q9Z1P4,O75473,3
P52850,P52849,1
P70232,O00533,4
Q9WVL3,Q9Y666,2
Q6P1J0,Q5VSG8,1
P70689,O95452,3
Q80UM7,Q13724,1
P35459,Q14210,3
Q8K304,A0AVI4,2
O35082,Q9UEF7,3
Q8R519,Q8TDX5,1
Q8BVA2,Q9H0R3,2
Q8VIH9,Q9UKP6,2
Q7TMJ8,Q96FE7,3
Q8BGK6,Q92536,4
P14231,P14415,4
Q80UG1,Q8N9I5,2
Q8BHC9,Q495W5,1
Q8R1K1,Q8NBM4,3
Q8BG47,Q8N8N0,2
Q6R653,Q8IV45,1
Q6TCG8,Q6TCH7,2
Q80ZD9,Q86SJ2,3
Q8BLN6,Q8N2C7,1
Q9D8B4,Q86Y39,1
Q00342,P36888,4
P15535,P15291,1
Q9D3J5,Q5VYY1,1
Q9JIP6,Q14332,4
Q810M5,Q8WVZ1,2
Q8K093,Q9UKU6,3
Q5DRQ8,Q6BAA4,1
Q8BGE4,Q92537,4
Q61521,O14944,4
O35912,P54852,4
Q922J9,Q8WVX9,2
Q60755,P30988,2
Q9QXY7,P51811,2
P35564,P27824,1
Q6DIB5,Q96KG7,3
Q6PHB0,Q9UHF4,4
Q80ZD8,Q86WK6,3
Q6NZL8,Q8IWY4,1
Q8VEC3,Q5T601,3
Q9WUS4,Q969M2,2
P30731,Q9NYM4,2
O54851,Q9UKL4,3
Q06806,P35590,4
O08523,O75443,1
Q9Z282,Q9UNW8,4
P39038,P55283,4
Q6SJQ0,Q9UGN4,4
Q9WTS6,Q9P273,2
Q9D0Z3,Q6P2H8,2
P30549,P21452,4
Q8BL07,Q8NGU9,2
Q61327,Q01959,2
P52785,Q02846,2
Q9R1N9,Q5TAT6,1
P11438,P11279,4
O35954,O00562,1
Q01114,Q01113,4
Q3TYS2,Q9BQA9,1
A2AJA7,Q6UXC1,3
Q8BH06,Q8NFR9,3
Q8R4D1,Q9Y2E8,2
P32972,P32971,4
P31996,P34810,3
P27512,P25942,4
O55237,P32970,3
Q61738,Q13683,4
Q8BZP8,Q6W5P4,4
Q64264,P08908,3
P17717,Q9BY64,1
Q9EQR3,Q92952,2
Q8BHG1,O43847,1
Q9JHI9,Q9NP59,4
Q9D1Z3,Q6P4H8,2
Q9R1S3,O95427,2
A2ARJ3,Q5W0B7,2
P47758,Q9Y5M8,1
Q5SSZ7,Q9ULT6,1
Q6P9J9,Q4KMQ2,3
Q6PHS6,Q9Y5W8,1
Q149L7,O95727,4
Q8VD26,Q96AN5,2
Q91W52,Q96HH6,1
Q76M72,Q6T423,2
Q8VCS3,O75063,1
Q91XQ5,Q7LFX5,3
Q80W04,O75069,1
Q80T14,Q86XX4,3
P97391,P39877,1
P47802,Q13505,1
Q61830,P22897,4
Q64436,P20648,2
Q9QZ15,Q9UMR7,3
P24063,P20701,4
B8JK39,Q13797,4
Q62469,P17301,4
Q8R4G9,P32297,4
P49582,P36544,3
O70174,P43681,3
Q9ERK7,P17787,3
P09690,P11230,3
O88839,Q13444,4
P0C1V4,Q7Z6W1,2
P50592,P50591,2
Q9R1V7,O75077,4
Q9QYH9,O43557,3
Q69ZN6,Q3T906,1
Q91X49,Q13021,1
Q6PEM6,Q96HH9,1
Q8K4Q8,Q5KU26,2
P56393,P24311,1
Q9R1I1,Q8NCG5,1
Q9QZC2,O60486,4
Q9CQH0,Q13113,2
P35347,P34998,3
O35372,O95406,3
P52793,P20827,2
Q8CIA5,Q969S0,1
Q9WUE3,O14569,2
D4PHA7,Q2TBF2,1
P26955,P32927,4
P26954,P32927,4
P35413,P46089,3
Q8BGE5,Q8IYD8,1
Q9Z2Z6,O43772,1
Q9QY96,P41180,4
E9PZQ0,P21817,2
Q8VCY8,Q96GM1,1
Q9DC37,Q9H3U5,2
Q8R235,Q969S6,2
O88310,Q8WWA0,1
Q0EEE2,Q3KNS1,3
Q7M721,P59540,3
Q8R4D5,Q7Z2W7,2
P97467,P19021,3
Q99LP8,Q9BWQ6,2
O70258,O43556,3
Q5QD04,Q96RI9,3
P35803,Q13491,3
Q3TH73,Q9BSA4,4
P97291,P55286,2
O35083,Q99943,1
O35214,O14718,3
Q6PE84,Q8TAV4,1
Q9CZA6,Q9NXR1,1
Q76KF0,Q8NFY4,3
P12023,P05067,3
Q8K4I7,Q7RTY3,1
Q99J93,Q01629,3
Q78XF5,Q9NRP0,1
Q3KQJ0,Q5SWH9,1
P28662,O95415,2
Q3UDR8,Q9GZM5,2
P51912,Q15758,3
Q148W0,O43520,1
Q8R0I4,Q9BX73,3
Q9R087,Q9Y625,1
Q9EQQ3,Q9BZJ6,4
Q3TZM9,Q2TAA5,2
Q62230,Q9BZZ2,4
Q8C170,B2RTY4,1
Q62452,O60656,1
Q9JHZ2,Q9HCJ1,3
Q91V14,Q9H2X9,2
Q8BHC0,Q9Y5Y7,4
Q8R3H7,Q7LGA3,1
Q8BMC0,P43657,4
P56400,P13224,4
Q91WB2,Q8NBV4,1
Q8C353,Q8N6L7,2
Q8CII8,Q8N205,2
Q9DCX7,Q8WUU8,2
Q7TN84,Q8NB59,1
Q8BX43,Q969Z4,4
P70302,Q13586,3
Q61985,Q14494,1
Q9D517,Q9NRZ7,2
Q9EP72,Q9NPA0,1
Q80X45,Q9NRX6,2
Q80ZU9,Q96N19,2
Q9JJ06,Q9NS00,1
O35166,O14653,1
Q8VC04,Q96A25,3
Q8K0Z9,Q6NV75,2
Q761V0,Q9Y345,2
P15116,P19022,4
P55772,P49961,4
Q9Z0D9,P49238,4
Q9R1T4,Q14141,1
P59017,Q9BXK5,1
P58682,Q9NR97,4
Q8BJS4,Q9UH99,1
Q3V1H3,Q6MZM0,2
Q8BH18,Q9H0C3,1
Q8R502,Q8TDW0,2
Q3UJD6,O94966,2
D7PDD4,O95866,3
P25918,P15391,4
Q64314,P28906,4
Q61735,Q08722,4
A2A7Q9,Q6ZMZ0,2
Q8BXA6,P56750,2
Q9Z260,P56748,3
Q9Z0S3,O95500,1
P37237,P55075,1
Q9QY40,Q9ULL4,2
Q9JI76,Q9UKJ8,3
P22723,P18507,2
P27681,Q99928,3
Q6PCP7,Q8NFN8,3
Q3UVU3,Q6XR72,2
Q8BWB6,Q8NFT2,1
Q9CXY9,Q92643,1
Q80UU9,O15173,2
O54803,O15547,3
P10300,P10966,4
P33146,P55291,3
P57757,O60931,2
Q8BZ81,Q86VH5,3
Q91V45,Q969F8,2
E9PUL5,Q7Z6L0,1
Q8K1T1,Q8N386,4
Q5F267,Q8NBR0,2
Q8JZN7,Q8IXI1,2
Q9R0N5,O00445,2
P50283,P09564,4
P31041,P10747,4
Q920C4,Q96HJ5,2
Q61121,Q15760,2
Q8CBH7,A6NNE9,1
Q8CD78,A2A2V5,2
Q8VEH0,Q7Z5S9,2
Q60613,P29274,3
Q60614,P29275,4
Q8C3B8,Q96AA3,1
P35343,P25025,4
Q9R097,O43278,1
Q9WTS2,Q9BYC5,1
Q8VDS8,Q9P2W9,1
Q99KG5,Q86X29,2
Q8BH66,Q8WXF7,1
Q4FJU9,Q8WWA1,2
Q0VF94,Q17RQ9,2
Q8BNX1,Q6UXB4,4
Q9ER65,Q9H4D0,3
A2APX8,P35498,3
Q62005,P60852,3
Q00560,P40189,4
P16872,P16871,4
Q61730,Q9NPH3,4
P20109,P35225,1
Q923D3,Q6UWI2,3
Q9CQ74,O95214,3
O08532,P54289,1
Q99246,Q01668,2
P46978,P46977,2
E9Q7P9,Q9BYE9,2
Q61125,P46663,4
P50637,P30536,1
Q9WTZ2,Q14703,1
Q6PFC5,A6NDA9,2
Q9Z2Y2,O60909,1
Q9Z0F0,O96024,1
Q80W54,O75844,1
Q9WUP1,O60896,3
Q9WTJ5,O60894,2
Q9WUP0,O60895,3
A2A7V7,Q08708,4
Q7TSN2,Q08708,4
Q8R0T6,Q86Y34,2
Q8BJU2,O75954,3
Q9D777,O75888,3
A2A8U2,Q5SNT2,1
Q8BRX9,Q86UD3,2
P28825,Q16819,3
Q9D6K9,Q8N5B7,1
Q80ZE4,Q86WK9,1
Q8BHD4,A2A2Y4,1
Q9WU38,P51168,4
O70404,Q9BV40,1
Q5XF89,Q9H7F0,1
Q7TQA6,P59533,3
O35633,Q9H598,2
A2A9G7,Q6UWV7,1
P35918,P35968,4
Q99LV7,Q8TBF5,2
Q9D938,Q9NX00,1
P59383,Q8WUT4,3
Q7TQB8,P59535,2
Q8C784,Q8NHV5,1
Q8R4F0,Q8TDD5,2
P59529,Q9NYV7,3
Q8R1C3,Q96AW1,2
Q8CI66,Q9UBI4,3
Q9R100,Q12864,3
Q9WTW3,Q8WWG9,3
Q9CQG9,Q9NV29,2
P42082,P42081,4
Q9ES57,Q8TD46,3
Q99J59,O60635,4
B2RQR8,P0DPD6,2
Q8BGY6,Q9BYG0,1
Q3UG61,Q96LB1,4
Q3UG50,Q96LB1,4
Q9JHJ5,O95264,3
Q925H0,Q16515,1
Q9CZB0,Q99643,1
P70414,P32418,2
P43407,P34741,4
P18828,P18827,4
O35188,P78423,4
Q9CWG1,P48060,3
B9EKX1,Q6ZW05,3
Q99LR1,Q8N2K0,3
O88819,Q9Y231,1
Q9Z319,Q9Y5Q5,3
Q5HZJ5,P81408,3
Q8VCM8,Q969V3,1
Q9D7R2,Q969W9,3
Q8BUX5,Q9H310,2
P97435,P98073,2
Q14CH0,Q6P995,2
Q8CIV2,Q4ZIN3,1
Q9CQR7,Q9NZ42,2
Q766D5,Q76KP1,1
Q8K445,P58418,3
A6H8H5,Q92953,2
P97793,Q9UM73,3
P48962,P12235,2
Q61096,P24158,1
Q9ESM6,Q9HCC8,3
Q8BMN3,Q05901,4
Q68FF9,P18405,1
P58659,P58658,3
Q3TT99,Q6W3E5,2
Q00941,P15509,4
P70704,Q9Y2Q0,2
Q99KF1,Q9BVK6,1
Q9CQW9,Q01628,3
P62492,P62491,1
P57787,O15427,2
Q9CZ52,Q9H6X2,4
P10287,P22223,4
Q9CPV7,Q9H6R6,1
P40240,P21926,4
Q9D387,Q9UJQ1,3
Q8BP97,Q9Y3P4,2
Q9QZ26,Q9UJ90,3
Q61470,P11049,4
Q9EPT5,Q92959,2
Q8BM55,Q6NUQ4,1
Q3UUA0,Q6ICI0,2
Q61450,Q8NHJ6,3
Q9EQC4,Q9GZR5,1
Q9Z0F3,Q9HD36,1
P55292,Q02487,3
Q9JM95,Q969X2,2
Q6P4S8,Q8N201,1
Q3UMZ3,Q8NEB5,2
Q5FWI3,Q9UHN6,2
O54990,O43490,4
Q9EP66,Q8TDS4,4
Q80SU6,Q8N130,3
P21183,Q01344,4
Q9Z2F7,O60238,1
Q9CZP5,Q9Y276,1
Q61475,P08174,3
Q61476,P08174,3
Q64277,Q10588,2
O35174,Q9ULS6,2
P30966,P47898,3
G3XA59,Q14392,4
O70507,Q9Y3Q4,2
Q9WTW2,Q9Y6H6,3
E9Q9F6,Q86XM0,3
Q80W35,A6NGA9,1
Q5DID3,Q5DID0,3
Q7TPD3,Q9HCK4,3
Q5M8M9,Q8N7C0,2
Q3UN04,Q70CQ3,1
O35600,P78363,2
Q6ZWR6,Q8NF91,1
P15508,P11277,1
E9Q7X7,P58401,3
E9Q7X7,Q9P2S2,3
P61264,P61266,2
Q9ESE1,P50851,2
G5E829,P20020,2
Q4VBD2,Q6NXT6,2
Q60625,Q9UMF0,2
P25785,P16035,1
Q8BU14,Q99442,1
O35516,Q04721,4
Q8BHK1,Q7RTP0,2
Q62092,P42857,1
Q8VC69,Q4U2R8,3
Q6A058,Q7L311,2
Q8BT18,Q86TY3,3
D3YX43,Q8N0Z9,2
Q8BWQ4,Q8IYT2,1
Q8K1F9,Q6UWM7,2
Q9DCU2,Q9Y342,2
P60904,Q9H3Z4,1
Q8R2Y3,Q9UPQ8,1
Q8R4G0,Q9Y2I2,1
Q3TYD6,Q8IWU2,2
P70269,P14091,1
P10605,P07858,1
Q8BWH0,Q9NVC3,1
Q9DC26,Q7Z3Q1,3
Q3UGY8,Q5TH69,1
Q9ET39,Q96DU3,4
Q9JIP4,Q96RD7,4
Q9JHJ8,O75144,4
Q8R143,P53801,2
P16297,P14784,4
P04441,P04233,4
Q8BG84,Q6GTX8,4
Q9ERS7,Q9HB29,3
Q61098,Q13478,4
P14719,Q01638,4
O88854,O43603,3
P97714,P25100,3
P30545,P18089,2
P20334,Q07011,4
O09030,P78552,4
Q7TQA1,Q8N6C5,4
P97378,Q99665,4
Q61727,Q13651,4
O70572,O60906,1
P97858,P78383,1
Q9CZM9,Q9Y691,2
O35988,P31431,3
Q8K249,Q496F6,3
Q60934,P39086,3
Q3UH99,Q6ZSJ9,1
Q8CJH3,O43157,2
Q60751,P08069,4
Q8R2F2,Q6QHC5,2
Q9CR89,Q96RQ1,1
P06683,P02748,1
Q9D4M9,Q7Z4T8,1
Q9R187,Q9UNE0,3
Q60750,P21709,3
O08542,P52798,2
Q3UJ81,Q8N9A8,1
P56528,P28907,3
P18181,P09326,3
Q91X21,Q8IYS2,1
Q61982,Q9UM47,2
Q68FE7,Q8IW70,1
Q7TM99,Q7RTY1,2
Q9CRB8,Q9UDX5,1
Q8C0X2,Q4ZJI4,2
Q9CQJ1,Q9BW72,2
Q9JME9,A6NLU5,1
Q9WUL5,Q9BQ51,4
Q6P073,Q8N2K1,1
Q9JMG4,Q8IVV8,2
Q99JY8,O14495,4
Q3TAE8,Q9Y672,1
Q6PGD0,Q6UW56,3
Q8K0B3,Q68CR7,2
Q3U4N7,Q9H665,3
Q8BPM6,Q7Z5B4,2
B9EJ86,Q9BZF1,1
O88427,O95180,2
Q3V0T4,Q13349,4
Q69ZF7,Q6P4Q7,3
Q91YD1,Q8N144,2
Q9DAM7,Q8WUH6,1
Q8BWW9,Q16513,1
Q91WG1,Q9Y5U4,2
O54885,O43914,3
Q8VDB9,Q9NP91,2
Q6PCX7,Q96B86,2
Q9CQM1,Q8IVY1,2
Q3LS21,Q9NPC2,2
Q8BMN4,Q96KR4,1
Q14B80,Q96PR1,2
Q8BWU1,Q5BIV9,1
Q8BGD4,Q6ZQN7,4
A2AJX4,Q5VYJ5,2
Q8BGN3,Q6UWR7,1
Q8K1Z6,Q14330,4
Q924N4,Q9UHW9,3
Q8C4A0,Q13520,2
Q9WTY4,P55064,4
P70268,Q16512,1
P27038,P27037,4
Q06335,Q06481,2
P33766,P21462,3
Q61088,Q9ULV1,4
P63137,P47870,3
Q80W68,Q96J84,3
P35846,P15328,3
Q8CI59,Q658P3,2
Q8R3N2,Q8IWD5,2
Q5U430,Q6ZT12,1
Q9CRY7,Q8N9F7,2
Q9DB25,Q9Y673,1
Q6E1M8,Q6E213,2
Q5DTI8,A0FGR9,3
Q99J85,O95502,1
Q812G0,Q9UM21,1
P61622,Q9UKX5,3
Q3U7R1,Q9BSJ8,2
Q99MU1,Q86W33,3
Q0V8T9,Q8WYK1,3
Q80UC8,Q6DWJ6,3
Q80ZU4,Q96E16,1
Q9CYC3,Q9NV64,1
Q8VGR9,Q8NH10,3
Q9JJE7,Q9Y5Q0,2
O35304,Q16572,1
P47936,P34972,3
P47774,P32248,4
Q2LA85,Q5T2D2,4
Q9JJC8,Q8N8Q9,2
P27046,Q16706,1
Q9D1G3,Q9HCP6,2
Q6NZQ8,Q8TCQ1,1
Q8R1P5,Q9HB14,2
Q9WV38,P22732,4
Q6A152,Q8N118,1
Q60738,Q9Y6M5,3
Q9JKX3,Q9UP52,3
Q62351,P02786,3
Q91WR6,Q9NU53,3
Q08351,P40238,4
Q9Z2H6,Q8WXI8,2
Q8VCZ2,Q96B21,2
Q9D6I7,Q5T7M9,1
Q8BVG5,Q96FL9,1
Q8C4Q9,Q6P9G4,3
Q9D6K5,P57105,1
A2ADF7,Q6PIV7,1
Q60774,Q9NWC5,2
Q672J9,Q9HBY0,2
P06342,P01920,4
P06346,P01920,4
P06343,P01920,4
P06345,P01920,4
P01921,P01920,4
P14483,P01920,4
Q6P8I6,Q9Y6N1,1
Q80WJ7,Q86UE4,1
O35305,Q9Y6Q6,4
Q09163,P80370,3
Q91YL7,Q9H720,1
Q9CPU4,O14880,1
Q8C3Q5,A6NL88,1
Q3UV16,Q3MIP1,2
P0DP43,Q5SY80,1
A2ARV4,P98164,2
Q8BG16,Q9H2J7,3
W8DXL4,Q3SXY7,3
Q9ERY9,Q9UKR5,1
Q5DTZ6,Q9ULK6,3
Q9DCC3,Q8WV48,1
P51683,P41597,4
O88786,Q14627,4
P41047,P48023,4
P47791,P00390,1
P18337,P14151,4
Q8R4P5,Q8TDI8,1
Q32M26,Q6NUJ2,3
Q9D8U6,Q8IX19,2
Q9QYK4,Q8IZP7,1
Q11131,Q11130,1
Q9QZD8,Q9UBX3,1
O09101,Q07326,1
Q62273,P50443,3
Q9WVD4,P51795,1
Q9ER64,Q9H0X9,1
P50429,P15848,1
Q8VEK2,Q6NTF9,1
P04760,P07510,2
Q01815,Q13936,3
P09581,P07333,4
Q8K0C4,Q16850,2
Q9QZU4,Q9HDD0,1
Q9CR75,Q9NP84,3
Q8K1C7,Q7RTX9,2
Q78RX3,Q96EX1,1
P86050,Q5T4T1,1
P26618,P16234,4
P54751,Q11201,1
Q9D270,Q8IVQ6,2
Q8R0W6,Q9BT67,2
Q8BPE4,Q53S58,1
Q9D958,Q9Y6A9,1
Q9JMG2,Q96EU7,1
O54890,P05106,4
Q8CBB2,A6NIM6,2
P41233,O95477,3
Q61009,Q8WTV0,3
Q810U3,O94856,3
P51680,P51679,4
Q91YQ5,P04843,2
Q9CQB5,Q8N5K1,2
Q9DBG6,P04844,2
A2ASA8,Q6GPH6,1
Q8BFY0,P0C851,1
Q8BZF2,Q0D2K0,2
Q9DB73,Q9UHQ9,1
Q8BX79,Q99679,3
Q8CI19,Q9NRA1,1
Q8BGK9,Q9UK00,2
Q9CQE7,Q9Y282,1
Q8BLV3,Q96T83,2
Q8CB93,Q8N292,1
Q8BYI9,Q92752,1
O88799,Q9Y493,3
Q60825,Q06495,3
P53986,P53985,3
Q61165,P19634,3
A7E1Z1,Q68D42,2
O08966,O15245,3
Q8R090,P54219,4
Q78IQ7,Q6P5W5,3
Q8BFQ4,Q6UXN9,1
Q5BKR2,Q86UD5,2
Q8VEL0,Q9UJG1,2
P35762,P60033,3
Q8VHY0,Q6UVK1,3
P36895,P36894,4
Q8BSY0,Q12797,1
E9QAF0,Q5TZJ5,1
E9QAF0,Q5VYP0,1
E9QAF0,Q5VU36,1
E9QAF0,Q5VVP1,1
E9QAF0,Q8IWB4,1
Q6SJE0,Q6UXV0,3
Q8VHL0,Q13336,3
O70255,O60487,1
Q9CQW0,Q9BV81,2
Q8BZL4,Q99680,2
Q9CR22,Q69YG0,2
Q8CA71,Q96DD7,3
Q8C0Z1,Q9H0X4,1
A2AJN7,Q8NBS3,1
Q5U405,Q9BYE2,3
Q99N43,Q96MU8,4
P25962,P13945,3
Q9BCZ4,Q9BQE4,1
O70131,Q92982,3
Q3U284,Q9H6L2,2
Q9QY33,O60637,4
Q80XQ8,A1KXE4,1
Q5NCP0,Q68DV7,3
Q8C4W3,Q496H8,1
P59823,Q9NZN1,4
Q8VDX6,Q9Y2B1,1
Q811Q4,Q9UKF5,3
Q8JZM4,Q8NFT8,3
Q8K348,Q8NER5,2
Q8BX51,Q96LD1,3
P70345,Q92843,1
P01887,P61769,2
Q91V37,Q99437,2
Q60870,Q00765,2
Q9CQ88,Q12999,3
Q61835,Q14802,2
Q8CIQ6,P49286,3
Q9EPK8,Q9HBA0,3
Q91ZY2,Q9H3N8,3
Q6R6I7,Q9HBX9,2
Q9D328,Q53FP2,2
Q9JLJ1,Q9Y6D0,1
Q6DFX2,P58335,4
Q2YFS2,Q9UKJ0,4
Q2YFS1,Q9UKJ0,4
Q5GH67,Q5GH76,2
Q8BXS7,Q8TDT2,2
P41234,Q9BZC7,2
Q9Z351,O43526,2
Q91XY4,Q9Y5G9,2
P11344,P14679,2
Q9D8B1,Q9NVV5,2
Q9D2A5,Q8TEY5,1
Q8BNX7,Q8N912,1
Q5RKR3,Q6UXK2,2
A1KXC4,O60667,3
Q3U3R4,Q96S06,1
O89116,Q96AJ9,2
Q2NKH9,Q7Z4J2,1
O55242,Q99720,1
Q60612,P30542,4
P49681,P48145,3
Q7TPN3,Q9NUD9,1
Q8R4I7,Q8TDF5,3
Q91ZM8,Q86V35,2
O89103,Q9NPY3,4
P19467,Q9H3R2,4
O09198,P21145,2
Q6U7R4,Q96H15,4
Q6VNS1,Q16288,4
Q5DU28,A6NKB5,2
Q8VI51,Q9UPU3,2
Q62190,Q04912,4
Q9Z1G4,Q93050,2
Q9EPR5,Q96PQ0,3
Q9DCP2,Q99624,2
Q9R233,O15533,1
Q3UF64,Q96EX2,2
P26149,P14060,1
P26150,P14060,1
O35469,P14060,1
Q8CDN1,Q8ND61,1
Q8VCH7,Q8IZV5,2
Q9JJZ4,Q9Y385,1
P42208,Q15019,1
P54265,Q09013,1
J3S6Y1,Q8WU66,1
Q8VI16,Q6UX72,1
P01132,P01133,3
O08543,P52803,3
Q61288,P37023,3
Q5GH62,Q5GH70,1
Q8BRU4,Q6UXN8,3
Q9D880,Q3ZCQ8,1
Q6P4U0,Q9C0I4,2
A2AAE1,Q2LD37,1
P32299,P30411,3
Q91YD4,O94759,3
Q2HJ10,Q9BRI3,1
P06332,P01730,4
P30728,P35462,3
Q9Z1Y9,Q92813,1
P07321,P01588,1
Q91WN3,Q8TCU3,2
P62812,P14867,3
Q9QXM0,P08910,1
Q9R0N3,Q9BT88,1
Q61490,Q13740,4
Q8BLU0,O43155,3
Q9D306,Q9UBM8,1
P35951,P01130,4
Q7TN16,Q96QV1,1
Q8BYC4,Q99678,3
Q8BLG2,Q99677,3
P0C5I1,O00155,3
Q9ES90,Q9HC97,3
Q9QY42,O15354,3
Q76JU9,O14842,2
P26361,P13569,2
O08524,Q96PL2,1
Q8R3I9,Q7Z7M8,1
Q60629,P54756,3
P49446,P23469,3
P27467,P56704,1
P12242,P25874,1
O35609,O14828,2
Q9ERN0,O15127,2
B1AUH1,Q92729,4
Q9CUS9,Q8TCT6,2
Q8VEC4,Q9HA72,2
Q9JLF7,O60602,3
Q78YY6,Q9Y5T4,2
Q8VCK6,O15552,4
Q9ES83,Q8NE79,3
Q8CD54,Q9H5I5,3
Q62205,Q15858,3
Q61824,O43184,3
Q9CX13,Q9P003,2
Q9DBE8,Q9H553,1
P0C1P0,Q3MUY2,1
Q3V0J1,Q96Q45,1
Q91Y74,Q11206,1
Q62186,P51571,1
O54819,P10646,2
Q8CIZ9,Q9Y5S8,2
P54830,P54829,1
Q61625,O43424,3
Q6P1B3,Q8IYJ0,1
Q8CGQ8,Q8NFF2,3
Q8K0U3,Q86X19,1
Q8BSL4,Q8IZT8,1
Q9CX30,Q5BJH7,1
Q80W65,Q8NBP7,1
Q9D1D1,A1L157,2
Q03137,P54764,4
Q8CBF3,P54762,3
Q61772,Q15375,3
P54761,P54760,4
P54754,P54753,3
Q9D806,A8MXK1,2
Q6NXK7,Q8N608,3
P21761,P34981,2
Q925F2,Q96AP7,4
Q8BHN0,Q5SGD2,1
Q9D8Y1,Q9H061,1
Q9CQG0,Q8WW62,1
Q9D7S1,Q969K7,2
Q8VC90,Q96GR4,2
Q8C010,Q9BZJ8,4
Q9DCS1,Q96HP8,1
A2ARI4,Q9BXB1,2
Q9D1R1,Q8IUX1,2
P97766,P0CG37,1
Q9D701,B0FP48,2
P51791,P51790,1
Q17ST2,Q96RP8,2
P52187,Q14500,3
P97438,O95069,2
P31650,P48066,3
Q5XK03,A6NH21,3
Q9CR68,P47985,1
Q91Z92,Q96L58,1
Q9WVK8,Q9Y6A2,1
Q9R0N9,Q86SS6,2
Q91V87,Q8N441,3
Q91VC9,Q9H3K2,2
Q8C5H1,Q32M45,1
Q61006,O15146,3
Q91YT8,O94886,3
Q9D709,Q9BSE2,1
Q6PDC8,Q8N468,2
P97292,P25021,3
P35822,Q15262,4
Q05BQ1,Q9P2J2,3
P70170,O60706,3
P15920,Q9Y487,3
P17047,P13473,4
P59481,Q9H0V9,2
Q8BG50,Q96HH4,2
Q6NSQ9,Q9BUM1,1
D3Z1Q2,Q96G30,2
Q9CQ61,Q53HI1,2
Q8BG09,Q9Y519,2
Q9Z0F8,P78536,4
Q62277,P08247,3
P31428,P16444,1
Q64704,Q13277,3
Q8BZ39,Q9GZQ4,3
Q9CPU9,O15432,3
P57759,P30040,1
Q9DBH5,Q12907,2
Q8CII9,Q9HC73,4
Q924I3,Q9NPB9,4
P52795,P98172,4
P23188,P09958,2
P15409,P08100,3
O88875,O95971,2
Q810B7,O94991,3
Q9JI67,Q9Y2C3,1
Q7M750,Q96PE5,3
Q925N1,Q6P4A7,2
Q9EQC1,Q9H2F3,1
Q3UHA3,Q96JI7,1
A2A8T7,Q6PEX7,1
Q8C3S2,Q9C0B7,1
Q8C1F4,Q8N6G5,1
Q9D162,Q9P0B6,2
P40223,Q99062,4
Q8R1W8,Q17R60,1
P17515,P02778,1
Q8K273,Q8N4V1,1
Q00547,O75330,2
Q9ESS2,Q9HCT0,1
P35441,P07996,1
Q61033,P42167,1
Q61029,P42167,1
Q61033,P42166,1
Q61029,P42166,1
Q8BSE0,Q96LZ7,1
P21855,P21854,3
P35419,P07202,3
Q8BHC7,Q8TEB9,2
Q91X88,Q8WZA1,1
Q3TB48,Q8NE00,3
Q00993,P30530,4
Q3URD2,Q8N4K4,2
Q80SS6,Q8TDU6,4
Q9D8B6,Q96KR6,2
Q9QZ49,O00124,2
Q8VHW4,Q9UF02,3
Q64692,Q92187,1
Q9R1W3,O00237,1
Q01231,P36382,3
P28236,P48165,2
P97785,P56159,1
O08707,O00590,3
Q02739,O95377,3
P55849,Q08554,4
Q8VHW3,Q9BXT2,3
Q8BNJ6,Q8NC67,3
Q9DBY1,Q86TM6,1
Q6TCG2,Q6ZVX9,2
Q8BS35,Q6ZNB7,1
Q80XM9,Q8N2U9,2
P24668,P20645,3
Q3UR85,Q9Y2G1,1
Q9EQH2,Q9NZ08,1
Q9JLR1,Q9H9S3,1
Q9D9H2,Q8NHS1,2
Q8CGA3,Q8N370,3
Q8BZB3,Q2M3C6,1
Q62159,P08134,1
Q640M6,Q8WTR4,3
P16390,P22001,3
B2RXS4,O15031,2
Q8C5W0,Q96JQ2,2
Q8K1T0,P57727,1
Q9WVT6,Q9ULX7,3
Q059Y8,Q5T197,1
A2RTF1,Q9H7T0,1
A2ASQ1,O00468,1
B0V2N1,Q13332,3
A2A8L5,P10586,3
P18052,P18433,3
Q02284,P30939,3
Q8C9E8,Q5R3K3,1
Q00651,P13612,4
Q8C0P0,Q96GX5,1
Q91YV9,Q9BRR3,1
P42866,P35372,3
Q61089,O60353,2
Q9R216,O00144,4
O54897,Q9NS67,2
O88416,Q49SQ1,2
Q61586,Q9HCL2,1
Q8R310,Q9ULS5,1
Q9JIS8,Q9UP95,2
Q9D882,Q96D05,2
Q9CQG6,Q9BVK8,2
Q8BWY7,Q8N1S5,2
Q8K177,Q53RY4,1
Q9JKE2,Q9NP99,4
Q9D4V0,Q9HBU6,1
Q7M6Z0,Q86UN3,2
Q9D702,Q8NDY8,2
Q02789,Q13698,1
Q9Z2B3,P47804,2
Q8BHE4,Q6UXF1,2
Q61124,Q13286,2
Q8K458,Q8NFJ6,4
Q922Q6,Q9BUJ0,1
P70423,Q8WY07,3
Q9Z186,Q9NQR9,1
P50172,P28845,1
P43117,P43088,4
P49282,P49281,3
Q62217,Q13591,3
O35457,O00421,4
Q8VC82,O75783,2
Q9Z0F5,O95992,1
P42867,Q9H3H5,1
Q8VHG0,P31512,1
Q8BX10,Q96HS1,1
P16406,Q07075,3
Q9Z2G6,Q9UBV2,2
P45700,P33908,1
Q8VCD3,Q9HAT1,1
Q9JHX3,Q9HBE5,4
P52592,O95136,2
Q6NSU3,Q68CQ7,1
O88495,Q13585,3
Q9Z0S5,P56746,3
Q9QUI6,Q16570,4
Q791V5,Q9Y6C9,1
Q8R5M8,Q9BY67,3
Q8BGT0,Q86WC4,3
Q8K021,O15126,2
Q920G3,Q9NYZ4,4
Q8R314,Q8WV83,2
Q8BH07,Q8N6S5,2
P58749,Q9BZW5,2
Q5F297,P0C7Q6,1
O88983,Q9UNK0,2
Q810U4,Q92823,3
P97468,Q99788,4
Q8C6Z1,Q8N387,3
Q3TVA9,Q96JN2,2
Q3U435,Q9NPA2,2
P51658,P37059,1
Q3U2S8,Q96D96,3
E9PV86,Q6DN14,1
Q921C1,Q8NFK1,3
Q8K0E3,Q8WWX8,2
Q80W99,Q86XQ3,2
P37172,Q04771,4
Q9D6G9,Q96DZ9,1
Q8C2S7,Q86WK7,2
Q62132,Q15256,3
O35544,P48664,2
Q8BXV2,Q8WY22,2
Q8CGK5,Q8IU57,4
Q9D1X9,P56557,1
Q67BT3,Q86YT5,2
Q9Z0W1,P08138,4
P97798,Q92859,4
Q6X632,O95800,2
Q8JZQ2,Q9Y4W6,1
P35821,P18031,1
Q64455,Q12913,4
Q78KK3,Q96BI1,1
Q9EQ09,P78380,4
O35565,O15520,1
Q8VHP6,Q96JP9,2
A2AR95,Q86YD5,3
Q9JLZ8,Q6IA17,3
Q923B6,Q687X5,3
Q9JJ59,Q9NP78,2
Q62151,Q15109,4
Q8BHT6,Q6Y288,1
Q9R049,Q9UKV5,1
Q8BFU0,Q6UXX9,1
O54732,P51511,2
O09005,O15121,2
Q9JKK1,O43752,3
Q03717,Q14721,3
Q9DBW0,Q6ZWL3,1
O08644,O15197,4
Q8BIF0,Q8TCZ2,2
Q9D8N3,Q8N2M4,2
Q8VHG2,Q4VCS5,1
Q9DA37,Q96LT4,2
P41216,P33121,1
Q8BUE4,Q9BRQ8,1
P15261,P15260,4
Q9CWR7,Q9UHE8,1
P28334,P28222,3
P34927,P07306,3
Q9Z1L2,O95473,1
P14246,P11168,3
Q3UHK3,Q4ZG55,1
Q8BHS6,Q9UH62,2
O08712,O00300,1
P0DJF3,Q3KNT9,3
Q9R1V4,O75078,3
Q9D856,Q6ZMH5,3
Q1ERP8,Q6UXG3,3
O54904,Q9Y5Z6,1
Q01755,Q8WWU5,1
Q8C708,Q6UWD8,2
Q3V3K7,Q6ZNI0,1
Q9Z218,P42658,3
P61168,P14416,2
P21803,P21802,4
Q6P1H6,Q86XL3,1
P46096,P21579,2
P70280,P51809,1
O35464,Q9H2E6,3
Q8K2C8,Q86UL3,2
O70472,Q92545,1
Q9D2F7,Q5VU65,2
P59041,Q96LL9,1
Q9JLN5,Q96PL5,3
Q91V24,Q8IZY2,4
Q8C428,Q7Z402,3
Q8BJ51,O43934,3
Q8CHK3,Q96N66,2
Q8CG64,Q9H9S5,2
Q9JI99,Q9BX95,2
Q8R0C3,Q96RN1,3
Q8BKD6,Q7Z419,2
Q8C025,Q8WUD6,3
Q9Z0U0,Q9UBH6,3
Q9R031,Q9UBH6,3
Q8K4X7,Q9NRZ5,2
Q9D8F3,Q9HAB3,4
Q9D8T4,Q9NYZ1,1
Q8K4D3,Q7Z2H8,2
Q9DAL0,A6NLE4,1
Q8BNA6,Q8TDW7,2
Q7TQ33,Q6NW40,1
Q8BHM9,Q6ZWK6,2
Q99LQ7,A5PLL7,1
Q8BL00,Q6ZTQ4,2
Q63912,P23515,1
Q9Z0Z4,Q9BQS7,3
Q6VV64,Q7Z418,3
Q64310,O15260,1
Q8BGR2,Q7L1W4,3
Q9D6H5,Q9NPG8,2
Q8R0N9,Q8WTX9,2
Q9CR62,Q02978,1
Q3UPI1,Q6UWH4,1
Q8R2Q6,Q6NUS6,3
P31649,Q9NSD5,3
Q9JJJ3,O43315,4
Q9DCX8,Q6PHW0,1
Q9JJY3,Q9NY59,1
Q8K448,Q8WWZ7,2
Q9JM61,Q9NS62,4
Q9R1W5,Q16602,2
P32507,Q92692,3
Q9ERI5,Q6NYC1,1
O35308,O95907,2
Q4FZH1,Q15884,2
Q9JMI0,O95672,2
P30730,P22888,3
Q9QZS7,O60500,3
Q62177,Q13214,1
Q8R0I0,Q9BYF1,4
Q8BHI7,Q9NYP7,2
P97484,O75022,4
Q9ES88,Q13183,3
Q8BHL4,Q8NFJ5,3
Q66PY1,Q8IX30,1
P39087,Q13002,3
O88741,Q8TB36,2
Q9JJF9,Q8TCT8,3
A6PWV3,Q5VZ72,2
Q9R0M0,Q9HCU4,2
O35393,Q15768,2
Q91ZI0,Q9NYQ7,2
P52801,O43921,2
P61793,Q92633,4
P27811,Q12918,4
P27812,Q12918,4
Q99JB4,Q12918,4
P27814,Q12918,4
Q61500,O43736,3
P21956,Q08431,1
Q9R0R1,P08582,3
Q922T2,P55082,2
Q6VMN6,P49683,2
Q5IXF8,O95838,3
Q9Z1W8,P54707,1
P60882,Q7Z7M0,3
P35917,P35916,4
Q8R507,O75072,1
Q7TQA8,P59538,2
Q8VBV9,Q9H255,3
O88947,P00742,1
Q6NVD0,Q5SZK8,3
Q9D850,Q96MH6,1
P63038,P10809,1
Q8VHH7,O60266,4
Q60961,Q15012,2
O89104,Q5VXT5,2
G3X9R7,Q8N7C7,2
Q8VDI1,Q96J88,1
Q8BPT6,Q96T52,1
Q9D1Q6,Q9BS26,1
Q6PDJ1,Q5VU97,3
Q5XKN4,Q8N5M9,1
P08101,P31994,4
Q00977,P29033,3
Q8CJ61,Q8IZR5,1
Q8VCF1,Q8WVQ1,1
P63141,P16389,2
Q9Z0V1,Q9UK17,2
O70622,O75298,1
Q8K2W3,Q6PKC3,1
P52019,Q14534,2
Q8BSD4,Q96KN9,2
P58019,P13987,3
Q3UFB7,P04629,4
Q7TS55,Q9UNG2,3
P38575,O00526,3
Q60754,Q9UEW3,3
Q9JKF6,Q15223,4
Q9CQY8,Q53R12,2
Q5ND56,Q8TBR7,2
Q2MV57,Q96GX1,2
Q8QZV2,Q6UWI4,2
Q8BJZ3,Q969X1,3
Q99PH1,Q9HBW1,3
Q6EBV9,Q674R7,2
Q67BJ4,Q9NPC4,1
Q9D7U6,Q8N7P3,2
Q8K4P7,Q8TDW4,2
P98154,P98153,2
Q9D7N9,Q9HDC9,2
O54799,P28336,3
P70174,P35367,3
Q922Z1,Q96B96,2
Q3TD49,Q8TCT7,2
P10852,P08195,4
Q9WUK7,Q9H1Y3,4
Q925U4,Q92611,1
Q60890,P58173,3
Q4V9Z5,Q6UXD5,3
Q9QUG3,Q9UKY0,2
Q9Z1Q3,O95868,1
Q64373,Q07817,1
Q9QXP0,Q9UBD6,3
Q9CQY5,Q9H0U3,1
Q3TA38,A0PK00,1
P34884,P14174,1
A2AKG8,Q5VW36,1
Q91X85,Q9UPI3,3
Q9CZ69,Q9NX76,3
Q03391,O15399,2
Q6GV12,Q06136,1
Q11127,P22083,1
Q8BZK4,A4IF30,1
Q9WU60,O75882,4
P20033,P04085,1
Q9WUT7,P51686,4
Q61483,O00548,4
Q91W98,Q8N697,4
O35181,P56975,2
Q922Q5,Q9H1N7,2
Q6VZZ7,Q6U736,3
P70312,Q92819,2
Q9JI18,Q9NZR2,3
Q9JHI4,Q9BZW2,2
Q9R1J0,Q15738,2
Q9DBS1,Q9BTV4,2
Q7TPM6,Q9BTV5,1
Q9CQ00,Q96GE9,2
Q5XJV6,Q96Q04,1
A1YIY0,Q6DN72,4
P24815,P26439,1
Q925E8,Q8NFR3,2
Q8CIA9,Q5SR56,1
Q8BJ52,Q32ZL2,3
Q91VT8,Q96QK8,2
Q91Y13,Q9UN72,2
Q8HW98,A6NGN9,1
Q3UGP8,Q5BKT4,2
Q9CQ85,Q9Y584,1
Q921T2,Q5JTV8,1
O89051,Q9Y287,3
P70412,Q86UP6,2
P70193,Q96JA1,4
Q3TDQ1,Q8TCJ2,3
Q8CC84,Q5XG99,2
Q5SYH2,Q8N511,2
Q7TN58,Q8IU68,2
Q5GH66,Q6UX68,1
G5E8Q8,Q8IZF2,3
Q9JIP3,Q9NRM6,4
O70394,Q6UWB1,4
Q60664,Q12912,2
Q5JCT0,O95395,1
Q9Z0X4,Q14432,3
Q61409,Q13370,1
Q04573,P25929,4
P97295,P49146,3
Q91WW7,Q9NST1,1
Q923W9,Q9BZ11,2
Q8C0G2,Q9Y228,2
Q8K072,Q9H6H4,2
Q8R493,P30926,3
Q9ERZ3,P20309,3
Q9ERZ4,P08172,4
Q91X60,Q15822,3
P32211,P08173,4
Q99MT7,Q9BY21,3
O70570,P01833,4
Q80WV3,Q9Y4C5,1
O88199,Q7LGC8,1
Q64323,P37287,1
Q5SX19,Q9Y2B2,1
P50571,P18505,3
P16305,Q16445,3
P23818,P42261,4
P23819,P42262,3
P48168,P48167,3
Q14BI2,Q14416,3
Q80XM3,Q8TDN1,3
P60469,O75145,1
Q9D5K1,Q6P7N7,1
Q8BYI8,A2RU67,2
Q64302,P30408,3
Q60860,Q16873,3
Q3URD3,Q14BN4,2
Q62463,P37288,3
Q6SJQ7,Q8TDQ1,4
Q8K5B1,Q8NI17,4
Q8CCM6,Q9BVV7,2
Q8C341,Q9UBS9,1
Q9Z2E3,Q76MJ5,1
Q9WTR6,Q9UPY5,2
Q9WUH7,Q9NTN9,3
Q9WVC5,Q9HCX4,1
O70496,P51798,2
Q8CE93,Q5JW98,1
Q6PGK7,O43529,1
P61807,O75324,1
P70277,Q9UJ37,1
Q91X78,O75477,1
Q6A044,O60320,1
Q9CQ26,O95630,1
Q6NSR3,Q7Z695,1
Q8BFT9,Q8N4V2,2
Q8BSU2,Q9H2A7,4
Q91WD2,Q9H1D0,4
Q8BKG3,Q13308,3
Q8K3K7,O15120,1
Q8R5J9,O75915,1
Q9DBU0,O15321,3
Q64695,Q9UNN8,4
Q8R373,Q9H6B4,4
Q78IK4,Q6UXV4,1
A2AHL1,Q9BYT9,3
P20239,Q05996,3
P28293,P08311,2
P48410,P33897,1
Q6F3F9,Q86SQ4,3
Q6ZQA6,O75054,3
Q9QYF1,Q8TC12,1
P11688,P08648,3
P97797,P78324,4
Q07813,Q07812,2
D3Z1U7,B4DJY2,1
Q9DAH2,Q8WWF5,2
Q9ER81,Q8NFQ8,2
Q8BYU6,Q8NFQ8,2
Q9ER81,Q9H496,1
Q8BYU6,Q9H496,1
Q9ESD6,Q96FZ5,3
Q8R207,Q969W0,2
Q91VS7,P10620,1
Q99JP7,Q9UJ14,3
Q9ERC8,O60469,3
Q60928,P19440,4
Q80U23,O15079,1
Q9EPL2,O94985,3
Q9ERK9,Q15077,4
Q810B8,Q8IW52,3
Q9D780,Q96A28,4
Q497L8,Q86VW1,4
Q8BKT6,O95859,2
Q91VP7,Q96IK0,2
P62746,P62745,1
Q6ZWX0,Q9Y284,1
Q8BGE9,Q9NSD7,2
Q6V4S5,Q58EX2,3
Q6P5F7,Q9C0H2,4
Q8K592,Q16671,2
Q8BXT9,Q9BRL7,1
Q3KNM2,Q9NX47,1
Q9ES82,Q9HBU9,1
Q99J21,Q9GZU1,4
Q99PF4,Q9H251,3
Q91ZN5,Q8TB61,2
Q8BRG8,Q96SK2,2
Q8C581,Q6ZNR0,1
Q8K4G2,Q86Y22,1
O70497,O00602,1
P20693,P06734,2
P20489,P12319,4
P20352,P13726,4
P30558,P25116,4
Q9D232,Q6ZMD2,3
Q80V03,Q3MIX3,1
Q6GQT9,P69849,1
Q6GQT9,Q15155,1
Q6GQT9,Q5JPE7,1
Q6GQT9,P69849,1
Q8BMW7,Q6NVV3,3
Q69ZP3,Q8N490,1
Q61527,Q15303,3
Q0VBD0,P26012,3
Q8BLY3,Q9BTN0,3
Q91W20,Q2I0M4,2
Q9ER04,Q9H3S3,3
Q8K1S7,Q8NCW0,4
Q99NH7,P58743,3
Q69ZQ1,Q6NSJ0,2
Q80ZI2,Q5QGT7,2
Q5XPT3,Q8N3Y3,1
Q9R0K7,Q01814,3
P83861,Q96P65,3
P41593,Q03431,3
P56479,P47211,3
P55098,P28328,1
P30875,P30874,3
Q8BH98,Q6ZNC8,1
Q8BXK9,Q9NZA1,1
P09470,P12821,4
Q76I25,A8MV81,1
Q8BVP6,Q6UWN0,1
Q8CGF5,Q96MV1,2
Q8BYJ6,O60343,1
Q9JIY5,O43464,1
Q9Z2J6,Q9Y5Y4,4
Q8JZR6,Q2Y0W8,2
Q3UH93,Q9Y4D7,4
Q9WVK5,Q9UBX8,1
Q9JMK0,O43286,1
Q61038,Q8IYL9,4
Q9QUR8,O75326,3
Q8C7E7,O95210,1
Q60932,P21796,1
Q80XH4,Q658N2,1
Q9D4V6,Q6UXN7,1
O88634,Q96RI0,4
Q8K4Z2,Q8NAU1,3
Q9D1Q4,Q9P2X0,1
P59222,Q96GP6,2
Q8BRJ3,Q8NC24,1
Q64729,P36897,4
P35561,P63252,2
P48545,P48544,2
P97288,Q13639,3
P34968,P28335,3
Q64697,Q14761,3
P32304,P34969,3
P26011,P26010,4
Q61647,Q92839,1
P58308,O43614,3
Q8BHK6,Q9NQ25,4
Q5F285,Q8N2U0,2
Q6IEE6,Q6IEE7,3
Q9QYT7,Q9BRB3,2
A0A0B4J1G0,P08637,4
A0A0B4J1G0,O75015,3
P22272,P08887,4
Q9R157,Q9Y3Q7,3
Q9JME2,Q9NPF2,1
Q4VAE3,Q6PI78,2
A2AA28,Q86XA0,1
Q8K299,Q6ZMJ2,3
Q9QZS6,Q9Y662,2
Q3TIT8,Q8NCC5,3
Q7TNT2,Q96K12,2
Q8BQU7,Q96NL1,2
Q07409,Q9P232,1
Q7TN60,Q7Z403,2
Q8VIH7,Q96J86,2
Q6NXM3,Q8N3G9,2
Q9JIS5,Q7L0J3,3
P19070,P20023,4
Q9R0S3,Q9ULZ9,2
Q6P1D5,Q9BYH1,2
Q8WUR0,Q9NSK7,2
A2AVZ9,Q8NBI5,2
Q8K0E8,P02675,1
Q8C432,Q8N6D2,2
Q8BKV1,Q8N158,1
Q640R3,Q14CZ8,3
Q9JJG6,Q9BQJ4,1
Q9ESD7,O75923,2
Q8BG55,O14626,3
Q8VE47,Q9GZZ9,1
Q8K1B9,Q6P9A2,1
Q6ZQE4,O14524,3
P07744,P19013,1
Q921L3,Q9UM00,2
Q8BXZ1,Q96JJ7,3
Q8VHR0,Q9HCL0,3
P35546,P07949,2
Q9DCC8,Q15388,1
P13379,P06127,4
Q80SV1,Q86WI0,3
Q9JJT2,Q9GZZ7,1
Q9QYI4,Q9NXW2,2
Q9JJI6,Q8TEQ8,2
P86045,Q6UWW9,2
Q7TSH8,Q12767,2
Q9D844,Q9NNZ3,2
Q9WVJ0,Q9ULD8,1
O35089,Q6PI25,2
Q01965,Q9HBG7,4
Q9WUC3,O94772,1
P50284,P36941,4
P41155,Q06643,2
Q8C407,Q9BSR8,1
Q8CIP3,Q96LA9,3
Q3UHD1,O14514,2
Q7TNS7,Q96FT7,2
Q80ZF8,O60242,3
Q8CGM1,O60241,2
Q61626,Q16478,3
Q9Z0T9,P18564,3
Q9QYB1,Q9Y696,1
Q9R182,Q9Y5C1,1
Q8VCH9,Q96PB8,2
Q9JKT2,Q9NYW7,3
Q5U4D8,Q9Y289,4
Q8VCM5,Q969V5,2
Q6IQX7,Q8IZ52,1
Q8BZT5,Q9H756,3
Q8C419,Q5T848,2
Q5SS91,Q8TAQ9,1
Q3UY51,Q6ZSA7,2
Q80XU8,Q6PJG9,3
Q9JJE4,Q8N4S7,2
Q9Z2A9,P36269,1
Q8VC48,O00623,1
Q3UMF9,Q5TGI0,1
Q99M02,Q9P0N8,2
Q9Z239,O00168,3
Q8BQT2,Q0P6D2,1
Q80YA8,Q5IJ48,3
P27773,P30101,1
Q68SA9,Q9UKP4,1
Q60994,Q15848,1
P37217,Q07108,4
Q9R0Q8,Q9ULY5,2
Q14AT5,Q6IWH7,3
Q9ET78,Q9BR39,1
Q8BQU6,Q5T442,3
Q80VP9,Q6ICH7,1
Q8BY89,Q8IWA5,3
O54991,P78357,3
Q9QXY9,P56589,1
Q8BJA2,Q8IVJ1,4
O70577,O15244,3
Q5FWI2,P47872,2
Q62052,Q04671,1
Q8BTP0,Q86VD9,2
Q9Z0E8,O76082,3
Q8C131,Q9BXC0,2
Q9QY76,O95292,2
Q9JIZ0,Q9UHF3,2
Q80Z24,Q7Z3B1,2
Q8CE94,Q7RTY0,2
Q1A3B0,Q8IU89,1
Q922P8,Q24JP5,3
Q8C351,Q6UX15,4
Q6NVG1,Q643R3,2
P11416,P10276,1
P32240,P35408,3
Q62035,P25105,3
Q8BWA5,Q9H511,1
Q8BFZ1,Q5HYJ1,1
Q9Z324,O94777,1
Q8R1S9,Q969I6,2
Q9Z329,Q14571,1
P55288,P55287,3
O35118,O60609,2
O08842,O00451,1
Q64151,Q9C0C4,4
Q9JLJ4,Q9NXB9,1
P04919,P02730,4
Q8BHY3,Q5XXA6,3
Q5PT53,Q0GE19,1
Q8VFL9,Q8NGG2,2
Q9QUJ0,Q9UBK5,3
Q5QD13,Q96RI8,2
Q6GQT5,Q8N4L1,1
Q60879,Q8NGS3,3
Q8BKN6,Q9Y663,1
Q5RJH3,P55289,3
Q4PNJ2,Q5VXU1,2
Q3UPR7,Q8N9M5,1
Q9DBY4,Q7L0X0,2
Q9DC16,Q969X5,1
O35674,Q9H013,4
Q9Z1L5,Q8IZS8,1
P35737,P28068,4
Q61144,P49810,3
Q00690,P16581,4
P22727,Q9Y6F9,1
Q99PI8,Q9BZR6,2
Q9CZX9,Q5J8M3,2
P86046,O60928,2
Q9JHL0,Q9GZY6,1
Q9CYV5,Q86UB9,2
Q80XR2,P98194,2
Q8C013,P0DKB5,2
Q5UBV8,O95150,2
O70579,O43808,2
O08530,P21453,4
Q8K441,Q8N139,4
P04230,Q30154,3
P04231,Q30154,3
P18468,Q30154,3
P18469,Q30154,3
P04230,Q9TQE0,4
P04231,Q9TQE0,4
P18468,Q9TQE0,4
P18469,Q9TQE0,4
O88627,O43868,4
P22725,P41221,1
Q8CBC6,Q9H3W5,3
P13597,P05362,4
P31809,P13688,4
Q925P2,P13688,4
Q9D659,Q9H7M9,3
P15208,P06213,4
Q61739,P23229,4
P11835,P05107,4
Q91X86,Q9Y2Y6,1
Q8VE91,Q9H6L5,2
P35330,P13598,4
Q80WQ6,Q6PJF5,3
Q6PD19,Q5T2E6,2
Q9CPQ3,Q9NS69,1
P31230,Q12904,1
Q3TWN3,Q9H8M5,2
Q8CIR4,Q9BX84,1
Q8BH73,Q9NXS2,2
Q9JIG8,O60831,1
Q8BKG4,Q9ULW2,4
Q8BXB6,O94956,2
Q8VCH6,Q15392,1
Q6PFX6,Q86UP0,3
Q61391,P08473,4
P20917,P20916,3
Q8VCD6,Q9BRK0,2
E9Q649,Q9P109,1
Q7M720,Q9NYV9,2
Q9WTK3,O43292,2
Q9JL56,Q9NZC3,1
Q8BHY2,Q9BVI4,1
Q9D9X8,Q8IXA5,1
Q9CQ44,A2RU14,1
Q4QQM5,Q8NAN2,2
P28235,P35212,4
O35659,P43220,3
Q61559,P55899,4
Q9EPB7,Q9GZN0,2
Q9JMB8,Q9UQ52,2
Q8R054,O60687,1
Q811P0,Q495N2,3
Q8BJN4,Q8TBE3,3
P70194,Q8N1N0,3
O35425,Q9UMX3,1
Q80XL7,Q53F39,1
Q01705,P46531,3
Q0VBU9,Q5VZY2,2
Q8BN57,Q6P1S2,1
Q8BLF1,Q6PIU2,2
Q00262,P32856,2
Q9CTY5,Q86XE3,1
Q62226,Q15465,1
Q60720,P49447,2
Q9Z0V8,Q99595,1
Q8CFZ5,Q96S37,3
Q9CR64,Q8TBQ9,1
O35604,O15118,2
P48744,Q00604,1
Q9CR84,P05496,1
Q61115,Q13635,3
Q8BH24,Q92544,3
Q9CW73,Q9P2W7,1
P51655,O75487,2
Q80TN4,Q9Y2G8,1
E9Q816,Q8TAV3,1
Q8BHB9,Q96NY7,1
Q9Z306,Q9H015,3
Q8BSK8,P23443,1
Q7TQA4,Q9NYV8,3
Q3U9N9,Q8TF71,2
Q60696,P40967,3
Q11204,Q16842,1
Q91X05,Q9NP85,1
O88822,O75845,1
Q9CR23,Q9P0T7,2
Q9JLL0,Q9NZV1,3
Q9D3A9,Q9H313,3
Q9D6G5,Q9NPI0,2
Q91V01,Q6P1A2,2
Q8K2J0,Q8N3E9,1
Q8BQQ1,Q8IZN3,2
Q8R070,P57057,3
Q7TSH7,Q9H3M0,1
Q91XE9,Q68CJ9,1
P15702,P16150,4
Q99K24,Q9BRY0,2
Q8R4T9,Q15849,2
A2AJQ3,Q7Z388,2
Q7TQN9,Q7Z601,3
Q7TQP4,Q8TDU9,3
P30548,P25103,4
P30935,P32745,4
O08858,P35346,3
P49660,P31391,4
Q9WU39,P51170,4
P55012,P55011,3
Q8BWJ4,O15165,3
Q3U1F9,Q9NWQ8,1
P61166,P61165,2
Q9CR96,Q9BTX3,1
Q6P8G8,Q9BRQ5,3
Q8R0J1,Q3KR16,1
Q3UW12,Q8IV77,1
Q60718,Q99965,3
Q49B93,Q1EHB4,3
Q9JK97,P56696,2
Q5PT54,Q5PT55,3
Q9R053,Q9UI33,3
P20764,P15814,1
Q91WC7,Q9H841,3
Q8C7N7,Q8WW43,2
Q8BIV7,Q9Y2W3,1
Q8BH32,Q5VX71,3
Q8C0T0,Q9H6D3,2
Q810L4,Q9GZU3,1
P0C6B2,Q6ISU1,2
Q3T9M1,A6NFX1,2
Q9EQG7,Q9UJA9,3
Q8BGW9,Q30KQ4,1
Q91V61,Q9BWM7,1
Q9DA21,A6NFE2,1
Q5HZH7,A6NNN8,1
Q3U4G3,Q8NBI6,1
P0C673,Q5DX21,3
Q8CH36,Q6YBV0,2
O70228,O75110,2
Q8BG54,Q9NUV7,1
Q9R1C6,P52429,1
Q497K7,A6NEH6,1
Q9QZC1,Q13507,3
O88186,P14770,3
Q91XP5,O75311,3
O35930,P07359,4
O70401,O43657,3
Q6ZPJ0,Q8IWB9,2
Q8VHD6,O95528,2
Q8BXZ0,Q4LDR2,2
Q920A1,Q9NS75,3
Q9EQC0,O43916,1
Q9WU03,O43291,3
Q9CQ54,O95298,1
Q8BXN9,Q8NBN3,3
Q9QUK3,Q9UBY8,1
Q9JLB9,Q9NQS3,4
Q8BJ56,Q96AD5,2
Q80Z71,Q9UQP3,1
Q80WR1,Q96SJ8,2
Q8BJ83,Q9BRN9,3
P21129,P09131,3
Q9JJ72,Q9NS64,3
P69744,Q9NQA5,4
Q8BQ86,Q9H2A9,1
Q9CQ35,Q4G1C9,1
Q6GQU6,P0C6S8,2
Q80X80,O14523,1
Q5SZV5,Q5VV43,3
Q3UVX5,P41594,3
Q9Z2W9,P42263,4
Q3TVP5,Q9NUU6,1
P25119,P20333,4
P25118,P19438,4
Q9D173,Q9P0U1,1
P30987,P21731,4
P47937,P29371,2
P30873,P30872,3
Q3U145,Q6YI46,2
Q91ZP6,Q9NV92,2
Q8VIK5,Q5VY43,2
P54116,P27105,1
Q9QXW9,Q9UHI5,2
P43142,O15218,3
Q61790,P18627,4
O08705,Q14973,3
P59111,Q96L42,1
Q921L8,Q8NCW6,1
P52800,P52799,4
Q9DA47,Q8WW34,1
Q9JJC9,Q9BSE4,2
Q60882,Q15620,3
Q9JIN6,Q86W47,3
Q9JJB9,Q8IXX5,2
P62080,P62079,3
E9Q401,Q92736,2
Q3UFD7,O14843,3
Q7TQA7,Q9NYW6,2
P18762,P07550,4
Q3UZP0,Q8N4S9,2
Q924Z5,Q15035,2
Q5Y5T2,Q9NUE0,1
Q8K1X4,P55160,2
P20029,P11021,1
Q03719,Q9NSA2,2
Q8BGT9,Q8IXK2,1
Q6P6J9,Q96J42,3
P26043,P35241,1
O54827,O60312,2
Q8JZR0,Q9ULC5,2
Q80VM9,Q7RTM1,2
Q3TBN1,Q9NWD8,1
Q7TSU7,Q6UWL6,3
O35219,Q12809,2
P11152,P06858,2
Q64133,P21397,1
Q9CXT7,Q8IY95,1
P16056,P08581,3
Q9D342,Q8WVE7,1
Q8VCP9,Q86T13,3
Q9Z2I4,Q96MS0,3
Q01776,P30968,2
P02716,Q07001,3
Q8R420,Q99758,3
Q9JLB4,O60494,1
Q5Y5T1,Q5W0Z9,1
Q8K424,Q8NET8,2
P97794,Q15842,2
Q63959,Q14003,2
P52189,P48050,4
Q91X17,P07911,1
Q8CA03,Q9BY10,3
P24822,P09923,1
P08923,P29376,4
Q99KI3,Q9P0I2,2
Q9QUK6,O00206,4
Q9Z2C6,O75841,3
Q9JKX8,O75631,2
Q921W8,Q8WVN6,2
Q921I1,P02787,1
Q8K467,Q8NEW7,2
Q9EQU3,Q9NR96,3
Q60886,Q96RD0,3
Q60886,Q8NGG8,3
Q64449,Q9UBG0,4
Q8R422,Q6YHK3,3
Q4QQM4,O14683,2
Q9Z1P5,Q9NPF0,4
O35607,Q13873,4
Q8CFV4,Q9NPD7,1
O55134,Q9NPG4,3
O88472,Q02223,4
Q8BUY5,Q9NPL8,1
O70337,Q13323,2
P21274,P12643,1
Q810W6,P25024,4
Q5HZK2,Q9GZP1,2
Q8BXJ9,Q0P6H9,3
Q80XG9,Q86VH4,3
Q8CIW6,Q9BXS9,3
Q8CB65,A6NFY4,1
P86044,A1A5B4,3
Q8K0J2,Q8NFL0,1
O54794,O14520,3
Q8R0G7,Q9H2V7,2
Q8BVN7,Q8N5S1,1
P97402,Q8N0V5,1
Q8R3Q0,Q96BY9,2
Q99N32,Q86Z14,2
Q6PA06,Q8NHH9,1
Q8C206,Q5UAW9,3
Q8BP07,Q6QAJ8,2
Q91YT2,Q96GF1,2
Q8VDP6,O14735,2
P59530,Q9NYW3,3
P30204,P21757,4
Q7TSN6,Q8TDV0,3
Q7TNS2,Q5TGZ0,1
Q60714,Q6PCB7,1
P70208,P51805,2
P16646,Q01453,2
P46694,P46695,1
Q8R0X7,O95470,1
O88829,Q9UNP4,2
Q9ES89,Q9UBQ6,1
Q9WVL6,O43909,1
Q9ERB5,Q9NYB5,3
Q9WU72,Q9Y275,4
P97445,O00555,1
P35377,P41146,2
Q8VGD6,Q8NHB1,2
Q61503,P21589,4
Q8CAQ8,Q16891,1
Q99JH8,P24390,1
Q9QZI9,Q13530,2
Q8BWP8,O43505,1
B9EKR1,P23471,3
Q61168,Q13571,1
P80560,Q92932,2
P70245,Q15125,3
Q925N4,Q9Y5I7,3
Q6NS65,Q13304,2
Q71M36,O95196,3
Q9Z222,Q9NY97,1
Q8C3X8,Q9BU23,1
Q5SWY8,A0PJK1,3
P06869,P00749,1
Q8BGH4,Q9H902,1
Q69ZK9,Q8NFZ4,3
Q9Z2I0,O95202,2
Q80TN5,Q8IUH5,1
Q6XJV6,Q6Q8B3,3
Q6XJV4,Q6Q8B3,3
Q78HU7,P04921,4
Q99P50,Q92847,3
Q8R0M8,O15374,2
P59034,Q9BY71,2
P86176,Q495A1,4
Q9JL27,Q10981,1
O70423,Q16853,3
E9PVD3,Q96JQ0,3
Q91YH5,Q6DD88,2
O54907,O43508,3
P59532,P59536,1
Q07763,Q9BZW8,3
Q8VDZ4,Q9C0B5,3
Q8K595,Q8IZK6,3
P11531,P11532,1
P07356,P07355,1
Q5QD14,O14804,2
Q8VI88,Q2M2E3,2
P60755,Q7Z553,3
Q8JZR4,O00341,3
Q91WU2,Q9Y694,2
Q7TME0,Q7Z2D5,2
Q8VCW4,Q9H1C4,3
Q8VI56,O75096,3
Q922Y2,Q8IWR1,1
P48356,P48357,4
P58406,Q9Y5N1,3
Q9Z0Y1,O75935,1
P42703,P42702,4
Q6AXF6,Q9NXL6,2
Q3UU41,Q6UWF3,1
Q8BGM5,Q8NFU1,3
Q91VM4,Q8IVW8,1
P43006,P43004,2
Q9WTN3,P36956,1
Q8VHB5,Q16790,1
P36898,O00238,3
Q9QYE6,Q8TBA6,2
Q6X1Y6,Q9UHC3,1
Q76EC5,Q7L1S5,1
Q8BG51,Q8IXI2,2
Q6P5F6,Q9ULF5,2
O35143,Q9UII2,1
P58196,Q9NRQ2,1
Q9JIZ9,Q9NRY6,1
P48346,P40933,1
Q9D7F2,Q8NI32,1
Q9DBD2,Q5T0T0,1
P21995,Q6PCB8,2
Q8R1W2,Q2KHT4,2
Q9D8V0,Q8TCT9,2
Q9EPB4,Q9ULZ3,1
Q91WC9,Q8NCG7,2
Q9R007,Q9NY25,3
Q8R139,Q7RTT9,2
Q921R7,Q9BS91,1
Q9R0P6,P67812,1
Q5RJH2,Q6DN12,2
Q99LL3,Q9NRB3,1
P83555,Q8N743,4
Q9JJS7,P51582,4
Q8CBG9,Q96K19,2
Q6A051,Q5VV63,2
A2AJB2,Q96I45,1
Q9Z139,Q01973,3
Q8VGR8,Q8NH18,3
P41588,P41587,3
Q9WUP4,Q9H8P0,2
Q80UF9,Q7RTS5,2
Q80VP8,Q9BVX2,1
Q3TMP8,Q9H6F2,2
D3YTS9,Q9BZG2,4
Q9R0Q9,O75352,2
Q9QY73,Q9BXS4,2
Q9JM51,O14684,2
Q61070,O14681,1
Q8CBC4,Q6PJW8,2
Q8BMT4,Q86YC3,3
Q9WUX5,Q9Y6F6,2
Q9JL89,Q9NZG7,3
Q8BGC3,Q6ZSM3,3
P70452,Q12846,3
P50428,P15289,1
Q9R155,O43511,3
P56402,P41181,4
Q03146,Q08345,4
Q8CHQ6,Q96AQ2,2
Q6T3U4,Q9UHC9,2
Q9ER00,Q86Y82,1
Q8BTZ5,Q86W74,2
P06339,P13747,4
Q6PDE8,Q14CX5,2
Q9CXD6,Q96AQ8,3
Q61247,P08697,1
O89109,O15554,3
P11214,P00750,1
O35111,O14649,2
Q08460,Q12791,2
O88932,Q99712,2
O08581,O00180,2
O88870,O76090,2
Q99PG6,Q7RTX1,3
Q7TQJ1,Q9BSK0,2
Q8R000,Q86UW1,2
Q9CXK4,Q9BRV3,2
Q566J8,Q96D53,1
A6X919,Q2PZI1,1
Q8BHG3,Q3MIR4,2
Q61614,P25101,3
Q9QZM4,O00220,4
Q6P5B0,Q5JTH9,1
P08226,P02649,1
Q8BGA2,Q6ZUX7,3
Q8BM86,Q9Y693,1
Q8VCL5,Q9BYT1,3
Q01339,P02749,1
P25446,P25445,3
P62951,P62952,2
Q8C172,Q6ZMG9,1
Q4VA61,Q8TD84,3
Q5U462,Q9H5V8,4
Q8BIZ0,Q8N6Y1,3
Q80ZD3,Q86WA9,2
Q8R526,Q8TDX9,3
Q504P2,Q5QGZ9,4
Q99KU0,Q96GC9,1
Q8CEF9,Q8N3T6,2
Q9D9V2,Q9NQ60,3
Q8CEG0,Q96QZ0,2
Q923I7,P31639,3
Q64685,P15907,1
Q64687,Q92185,1
P16092,P11362,4
Q3URQ0,Q9NXF1,1
Q9QY30,O95342,3
P13808,P04920,2
P16110,P17931,1
Q9Z1Q2,O95870,2
Q8C0L0,Q9H1E5,3
Q8R2U2,Q6NW34,2
Q924L1,Q6P1Q0,2
Q9CR76,Q96B77,2
Q9R0N4,Q6XYQ8,2
Q9R0N6,Q8NBV8,2
Q9R0N8,Q5T7P8,1
Q9Z262,P56747,2
Q8CF94,P18577,3
Q8CF94,Q02161,3
Q8C5C9,Q5BVD1,1
P16388,Q09470,2
Q9QXX0,P78504,4
P05532,P10721,4
Q7TSP5,Q7Z7D3,3
Q8BMF5,Q16099,3
Q8K201,Q8NC54,3
Q6QIY3,Q9Y5Y9,3
Q7TT15,Q6IS24,1
Q9JIT0,Q8WVP7,3
Q8C255,Q9H4A9,1
P51830,O60503,4
Q8VI23,A0AV02,3
P27040,Q13705,4
O35598,O14672,4
P51829,P51828,3
Q9DAX2,O43688,2
Q76HP3,Q14C87,3
Q8R127,Q8NBX0,1
Q8VCR3,Q9NWH2,2
Q9DA39,Q9HC24,3
Q3UUY6,Q8N271,4
Q9D241,Q9NXI6,2
Q6IMP4,Q96RD6,3
Q8C7U7,Q8NCL4,1
Q1LZI2,Q8IY50,2
Q3UP75,Q6NUS8,2
Q8JZZ0,Q6NUS8,2
Q920A9,Q7L513,1
Q8C138,Q96IZ2,1
Q8C0T7,Q8NBP5,2
Q14B62,Q96NR3,3
Q91WV7,Q07837,3
Q7TQ95,Q9C0E8,1
Q6TEK5,Q8N0U8,1
Q6YNI2,P46095,3
Q8CAE3,Q16558,3
Q61805,P18428,1
Q2PZL6,Q6V0I7,3
Q3UME2,Q24JQ0,2
Q7TMS5,Q9UNQ0,4
Q8BIG7,Q86VU5,1
Q80ZQ0,Q8TDM5,1
Q9D4B1,Q8NHU3,1
Q62556,Q13410,4
J3KML8,I3L273,2
Q9DAV9,Q9NVV0,1
Q7TSN7,Q9NSI5,1
Q8BQX5,Q96DC7,1
Q99JS0,Q5T1S8,3
O35465,Q14318,2
P06802,P22413,2
Q3TYE7,Q6ZRR5,2
P63321,P11233,1
Q8BGT1,Q9NZU0,3
Q91YN1,Q9NWS6,1
Q9D0I4,P56962,2
Q3UMR5,Q8NE86,1
P70206,Q9UIW2,3
P70207,O75051,3
Q9D8H7,Q96E52,2
Q9R1S7,O95255,2
Q9CXL7,Q6UX34,1
P56485,P25106,4
Q8K2T4,Q6UW78,1
B2RQA1,Q16322,2
Q0P5V9,Q5BKX6,1
A2ARP9,Q96P56,1
Q3TNW5,Q3MIW9,3
Q5MPP0,Q7L5A8,1
Q9QUJ7,O60488,1
Q78S06,Q8N2H4,1
Q3TWI9,Q5T3F8,3
Q8VE33,Q96MZ0,1
Q8K1G2,Q86UK5,3
Q148R9,Q6ZS82,2
Q8K4T1,P61647,1
P03925,P03923,1
Q9JL95,Q9Y2Y8,1
P98200,Q9NTI2,2
Q8VIB3,Q9Y274,1
Q9D7S0,Q6UX82,1
P0C8K7,B2RUZ4,1
A2VDH3,Q5VT99,2
Q61451,P19397,4
Q9QY81,Q8TEM1,1
P70458,P05154,1
Q03142,P22455,3
P32082,Q02643,3
Q8CHD8,O75154,1
Q8BHB3,Q8IWV1,3
Q01098,Q14957,2
Q9D1Y9,A6NKW6,1
P97772,Q13255,3
Q9JLT2,O43280,1
O55022,O00264,1
Q9QUI0,P61586,1
Q91YX5,Q92604,2
Q80U63,O95140,1
Q9DCG2,Q8IX05,4
P59053,Q8TAE7,2
Q09199,Q8NHY0,1
Q4KL25,Q8TAF8,3
Q9D7Z7,Q6UWN5,1
Q6UJB9,Q6UE05,1
P55302,P30533,1
P70227,Q14573,1
Q9QYE5,Q9Y219,3
P11881,Q14643,2
P63082,P27449,2
P51180,P30301,3
P08508,P12318,4
P35436,Q12879,2
Q8VG09,Q8WZ92,3
P97742,P50416,1
P17809,P11166,4
Q9CQH3,O43674,1
B5X0E4,Q2M3G0,1
Q8CJ12,Q8IZP9,3
D3Z5L6,Q6NT16,2
Q8VDR5,Q0VDI3,2
P70408,Q9Y6N8,3
Q9D358,P24666,1
Q01097,Q13224,3
P15306,P07204,4
P84309,O95622,3
Q7TQP2,Q8IZ08,2
A1L314,Q2M385,2
Q80T62,Q96P66,3
Q8VFK7,Q8NGF4,3
Q2KHK3,Q6Q4G3,1
Q8K0E7,Q96SA4,3
Q9D0M3,P08574,1
Q99PJ1,Q96QU1,4
Q9D3B1,Q6Y1H2,1
Q3UV71,Q8IUR5,2
Q61003,P30203,4
Q3TPR7,Q9NVA4,2
Q9JI59,P57087,4
Q9WTM3,Q9H3T2,1
P07141,P09603,3
Q9R2B6,Q9H4F1,1
Q9WUV2,Q8NDV1,1
Q5DU41,Q6P9F7,3
Q3TP92,O95476,1
Q6ZQ08,A5YKK6,1
Q9R069,P50895,3
Q8C129,Q9UIQ6,3
B1AVD1,O43895,1
Q6F5E0,Q8WZ71,2
Q8K2C9,Q9P035,3
Q60930,P45880,1
Q3UW26,Q075Z2,1
Q61143,Q9Y210,2
A2A259,Q9P0L9,2
Q8CIF6,Q8NBJ9,2
P97490,P40145,2
Q9CTG6,Q9NQ11,3
O88676,O75900,1
Q9Z0L0,Q13641,3
P26151,P12314,4
P55144,Q06418,3
Q810C1,Q96PX8,3
Q8VBT0,Q9H3N1,1
Q91Z22,Q8N131,4
Q8BU91,Q7LBE3,3
Q6ZWS4,Q8TBE1,2
Q9D8V7,Q9BY50,1
O89013,O15243,3
Q9D3G2,Q9P0V8,4
Q9ET30,Q9HD45,4
O54982,A8MYU2,1
Q8K174,Q9H2L4,2
Q9D2W0,P59646,2
Q7TQP3,Q8TDV5,3
Q91VK4,Q9NQX7,3
Q9JMG3,Q9BVT8,2
P14211,P27797,1
Q91V04,Q15629,1
Q9D0U9,Q9H2C2,1
Q5NC32,Q8NCK7,2
Q9D9S2,Q6GV28,3
Q9CQC4,Q9P0N5,2
P97449,P15144,3
O88662,P54851,3
P47801,P54849,3
Q8C110,Q9H5Y7,3
Q6PHN7,Q5U3C3,1
Q6IR37,Q6UX98,1
Q3V0C5,Q86UV5,1
Q32MD9,Q4KMG0,3
Q61146,Q16625,2
P60202,P60201,4
P08920,P06729,4
P11609,P15813,4
P49817,Q03135,1
P27573,P25189,3
Q64326,Q01718,2
P16045,P09382,1
Q91ZZ5,Q8WXD0,2
Q8VIM6,Q7RTU9,2
Q8BTV1,Q13454,2
Q8C503,Q9Y3P8,3
Q9EPU5,O75509,4
Q9EQ31,Q9UBY5,2
Q64430,Q04656,1
Q7TNC8,P23416,3
Q9JMA9,Q9UN76,3
Q80TG9,Q9ULH4,3
Q9D4F2,Q8IY26,2
Q9JLS0,Q9Y5L2,1
Q8R1C0,Q03721,2
O09127,P29322,4
Q3TMX7,Q6ZRP7,2
Q8K3D6,Q6ICL7,1
Q9CWP6,Q8NHP6,2
O88908,O75908,1
Q62192,Q99467,4
Q9D0F3,P49257,1
Q9D9I4,Q96BZ9,2
P04426,P04628,1
Q9EPE9,Q9HD20,2
P97717,P35368,4
O08545,P52797,1
Q8BGJ0,Q96MV8,2
Q8BGN8,Q8TBG9,3
Q8BGG6,O75425,2
O35714,Q9Y5U5,4
Q9D6W7,Q6UWJ8,3
Q7TT36,Q8IWK6,3
O35445,Q99942,1
A2ASI5,Q9NY46,3
Q9D808,Q9Y6J6,2
Q8VGS3,Q8NGP9,3
Q8VGS1,Q8NH85,3
Q6WQJ1,Q9Y4D2,3
Q9CXL1,O95807,2
P28078,P28067,4
P31651,P48065,3
Q60846,P28908,4
Q9WVC3,P51636,1
Q9JLJ5,Q9BW60,1
Q8BQS5,Q86V24,3
Q8CHJ2,Q8IXF9,1
Q8CHJ2,A6NM10,1
Q8VEM1,Q86XS8,3
P35374,P50052,4
P34971,P08588,3
Q01337,P18825,2
Q3UJF0,Q9Y2T6,3
P63115,Q9NS82,3
P0C6B7,O95976,4
Q8R4H9,Q8TAD4,3
Q8BY79,Q2M3R5,1
Q9D3L0,Q8TBP5,2
Q9DA48,Q9HBV2,3
Q9EP69,Q9NTJ5,2
Q69ZU6,Q9UPZ6,2
Q9JKW0,Q15041,1
Q9DAS1,Q9UBR5,2
Q8BGY5,Q9NV12,2
Q9JJV3,Q8WXS4,3
O35682,Q96S97,4
Q5FW56,Q8WV15,3
Q3UQS2,Q8N8F7,3
Q9QYY8,Q9UBP0,1
Q762D5,Q76EJ3,2
Q9CQZ6,O43676,1
Q9R0Q3,Q15363,1
Q7TQP0,Q7Z602,2
Q60819,Q13261,3
Q62386,Q16552,1
P22646,P07766,3
P04235,P04234,3
O70578,Q06432,3
O35227,Q9H2U9,3
Q91XD3,P48230,3
P97751,P32241,4
Q6NZL0,Q5TF21,2
Q08EA8,A2RRL7,2
A2AJ15,Q9UKM7,1
Q8R2R1,Q9Y6A1,1
Q8BJE2,Q6UXG8,4
Q5SZA1,O00624,2
Q91WD0,Q9NPR9,2
O89016,O14678,1
Q91V95,P49190,2
Q9EQN9,O60779,2
Q8BK03,Q7L4E1,1
Q6PGE7,Q99884,3
O08917,O75955,1
Q80V42,P14384,2
Q91VU1,Q9Y548,2
Q91W34,Q96GQ5,2
P56379,P56378,1
O09117,Q16563,3
P14427,P01891,4
P01895,P01891,4
P01899,P01891,4
P01900,P01891,4
P01901,P01891,4
P01902,P01891,4
P03991,P01891,4
P04223,P01891,4
P14428,P01891,4
P01898,P01891,4
P14429,P01891,4
P14427,P30457,4
P01895,P30457,4
P01899,P30457,4
P01900,P30457,4
P01901,P30457,4
P01902,P30457,4
P03991,P30457,4
P04223,P30457,4
P14428,P30457,4
P01898,P30457,4
P14429,P30457,4
P14427,P16190,4
P01895,P16190,4
P01899,P16190,4
P01900,P16190,4
P01901,P16190,4
P01902,P16190,4
P03991,P16190,4
P04223,P16190,4
P14428,P16190,4
P01898,P16190,4
P14429,P16190,4
P14427,P10316,4
P01895,P10316,4
P01899,P10316,4
P01900,P10316,4
P01901,P10316,4
P01902,P10316,4
P03991,P10316,4
P04223,P10316,4
P14428,P10316,4
P01898,P10316,4
P14429,P10316,4
P14427,P10314,4
P01895,P10314,4
P01899,P10314,4
P01900,P10314,4
P01901,P10314,4
P01902,P10314,4
P03991,P10314,4
P04223,P10314,4
P14428,P10314,4
P01898,P10314,4
P14429,P10314,4
P14427,P30450,4
P01895,P30450,4
P01899,P30450,4
P01900,P30450,4
P01901,P30450,4
P01902,P30450,4
P03991,P30450,4
P04223,P30450,4
P14428,P30450,4
P01898,P30450,4
P14429,P30450,4
P14427,P30459,4
P01895,P30459,4
P01899,P30459,4
P01900,P30459,4
P01901,P30459,4
P01902,P30459,4
P03991,P30459,4
P04223,P30459,4
P14428,P30459,4
P01898,P30459,4
P14429,P30459,4
P14427,Q09160,4
P01895,Q09160,4
P01899,Q09160,4
P01900,Q09160,4
P01901,Q09160,4
P01902,Q09160,4
P03991,Q09160,4
P04223,Q09160,4
P14428,Q09160,4
P01898,Q09160,4
P14429,Q09160,4
P14427,P30443,4
P01895,P30443,4
P01899,P30443,4
P01900,P30443,4
P01901,P30443,4
P01902,P30443,4
P03991,P30443,4
P04223,P30443,4
P14428,P30443,4
P01898,P30443,4
P14429,P30443,4
P14427,P05534,4
P01895,P05534,4
P01899,P05534,4
P01900,P05534,4
P01901,P05534,4
P01902,P05534,4
P03991,P05534,4
P04223,P05534,4
P14428,P05534,4
P01898,P05534,4
P14429,P05534,4
P14427,P01892,4
P01895,P01892,4
P01899,P01892,4
P01900,P01892,4
P01901,P01892,4
P01902,P01892,4
P03991,P01892,4
P04223,P01892,4
P14428,P01892,4
P01898,P01892,4
P14429,P01892,4
P14427,P30512,4
P01895,P30512,4
P01899,P30512,4
P01900,P30512,4
P01901,P30512,4
P01902,P30512,4
P03991,P30512,4
P04223,P30512,4
P14428,P30512,4
P01898,P30512,4
P14429,P30512,4
P14427,P16189,4
P01895,P16189,4
P01899,P16189,4
P01900,P16189,4
P01901,P16189,4
P01902,P16189,4
P03991,P16189,4
P04223,P16189,4
P14428,P16189,4
P01898,P16189,4
P14429,P16189,4
P14427,P30453,4
P01895,P30453,4
P01899,P30453,4
P01900,P30453,4
P01901,P30453,4
P01902,P30453,4
P03991,P30453,4
P04223,P30453,4
P14428,P30453,4
P01898,P30453,4
P14429,P30453,4
P14427,P30456,4
P01895,P30456,4
P01899,P30456,4
P01900,P30456,4
P01901,P30456,4
P01902,P30456,4
P03991,P30456,4
P04223,P30456,4
P14428,P30456,4
P01898,P30456,4
P14429,P30456,4
P14427,P16188,4
P01895,P16188,4
P01899,P16188,4
P01900,P16188,4
P01901,P16188,4
P01902,P16188,4
P03991,P16188,4
P04223,P16188,4
P14428,P16188,4
P01898,P16188,4
P14429,P16188,4
P14427,P30447,4
P01895,P30447,4
P01899,P30447,4
P01900,P30447,4
P01901,P30447,4
P01902,P30447,4
P03991,P30447,4
P04223,P30447,4
P14428,P30447,4
P01898,P30447,4
P14429,P30447,4
P14427,P04439,4
P01895,P04439,4
P01899,P04439,4
P01900,P04439,4
P01901,P04439,4
P01902,P04439,4
P03991,P04439,4
P04223,P04439,4
P14428,P04439,4
P01898,P04439,4
P14429,P04439,4
P14427,P13746,4
P01895,P13746,4
P01899,P13746,4
P01900,P13746,4
P01901,P13746,4
P01902,P13746,4
P03991,P13746,4
P04223,P13746,4
P14428,P13746,4
P01898,P13746,4
P14429,P13746,4
P14427,P18462,4
P01895,P18462,4
P01899,P18462,4
P01900,P18462,4
P01901,P18462,4
P01902,P18462,4
P03991,P18462,4
P04223,P18462,4
P14428,P18462,4
P01898,P18462,4
P14429,P18462,4
P14427,P30455,4
P01895,P30455,4
P01899,P30455,4
P01900,P30455,4
P01901,P30455,4
P01902,P30455,4
P03991,P30455,4
P04223,P30455,4
P14428,P30455,4
P01898,P30455,4
P14429,P30455,4
Q8VEK3,Q00839,1
O35526,Q16623,3
Q8VE96,Q8N357,2
Q921N7,Q9BUB7,2
Q01279,P00533,4
Q9JIS7,O60840,2
Q8BG21,Q9UGQ2,2
Q8BQM7,A2RU48,2
Q8BN21,Q86Y07,2
Q7TNJ0,Q9H295,4
Q6L8S8,Q6L9W6,1
Q62302,Q6UWH6,2
Q8BXA5,Q96KA5,1
Q8BXQ2,Q969N2,2
P57680,P57679,1
Q7TSK2,Q53EL9,3
Q8VFM9,Q8NGA1,2
Q80XZ4,Q8N6P7,2
Q9ESN3,Q9HCN3,2
Q9JIY7,Q9UHE5,2
Q8BS95,P0CG08,2
Q8BH79,Q9NW15,2
Q922J6,O60636,3
Q9R1X5,O15440,3
Q6AZB0,Q9BWV1,3
Q8CI85,O43570,3
O88824,O76095,3
Q99M80,O14522,2
Q9QUP4,Q9GZX3,1
Q9Z0L1,O95977,3
Q61543,Q92896,1
Q9CPZ6,Q8N138,2
O54965,O43567,2
Q8BVI5,O14662,1
Q9DB10,Q9H4I9,2
Q9EPS3,O94923,1
Q8BLQ9,Q8N3J6,3
Q80UL9,Q86YT9,4
Q99MB1,O15455,4
Q9EPQ1,Q15399,4
Q9QUN7,O60603,4
Q8CBH5,Q6ZSS7,2
Q9DCU0,Q9NXK6,2
Q8K0S5,Q86UN2,2
Q80WG5,Q8IWT6,3
Q6P3A4,P0DPA2,2
P51678,P51677,4
Q9Z1Q5,O00299,1
P51675,P32246,4
Q8R218,A6NC51,1
Q2WF71,Q9P244,2
Q149L6,Q8TBM8,1
Q91WM6,Q9H8M9,2
Q0VBN2,Q8IZU8,2
P60603,P60602,1
Q99LE3,Q7Z3D4,3
Q8VHW2,Q8WXS5,3
Q9D9G3,Q9UKJ5,2
Q7TNI2,Q9UK28,2
A4QPC6,Q8WVV5,4
P07147,P17643,3
Q8CIZ8,P04275,1
O55131,Q16181,1
Q99MX7,Q9BXQ6,1
Q9D0L6,Q13145,4
Q9WVD5,Q9Y619,1
A2AF53,Q8NFB2,1
Q5Y5T5,Q9ULC8,2
Q9R159,O43506,3
Q02152,P41595,3
Q3UQ41,Q6ZMR5,1
Q3ULF4,Q9UQ90,1
Q9WTR0,P51512,3
O88705,Q9P1Z3,2
P70187,Q96MC6,3
Q8K1E3,Q6UY11,3
P32766,O60676,1
Q9WUQ2,Q9HCU5,1
P28229,P36383,2
Q501J2,Q9BQD7,1
Q8BGY9,Q9GZV3,3
P21447,P08183,4
O70309,P18084,4
Q99PD7,Q9HC58,2
Q9ER60,P35499,3
P82347,Q92629,3
P59158,P55017,4
P55014,Q13621,3
Q9JIM5,Q8N8F6,1
Q8K440,O94911,3
Q8VI38,Q8N5D6,1
P03921,P03915,1
Q8VHN7,Q8WXG9,3
Q00623,P02647,1
E9Q4J9,Q8IZF7,2
Q61056,P48995,3
P61315,Q96A11,1
Q3U095,Q96DL1,1
Q8R1Z9,Q9H920,2
Q8VIM0,Q8TDQ0,4
Q9Z261,O95471,2
Q9D710,Q9Y320,1
Q810B9,O94933,3
Q8BX90,Q9Y2H6,2
Q3V3F6,Q6UWV2,3
Q6ZQ11,Q86X52,1
Q80TR1,O94910,2
Q3TBT3,Q86WV6,1
Q3UVD5,Q9HBX8,4
O70451,O60669,3
Q8K190,Q9NPB0,2
Q9D7L8,Q6UXZ0,3
Q9D8U2,Q96HV5,1
O54689,P51684,4
Q9R0A1,P51788,1
Q8VCF5,Q9H1Z9,2
P57716,Q92542,3
D3YZI9,Q8N414,1
P10107,P04083,1
Q8VDN2,P05023,4
O88792,Q9Y624,4
Q69Z26,Q8IWV2,1
Q8K3P1,Q9UBL9,3
Q99MR3,Q9BXP2,3
Q56A07,O60939,3
Q99N10,Q9BY19,1
P58281,O60313,1
Q920R6,Q9HBG4,2
Q61468,Q13421,2
O88713,Q96E93,4
Q9JKA5,Q99795,3
Q8BGD6,Q8NBW4,2
Q8BUE1,Q6AI14,2
Q8CHT3,Q6P9B9,1
Q9D3H0,Q96HE8,2
Q9JJR8,Q9NQ34,3
P41251,P49279,4
Q8C3K6,P13866,3
Q60677,P38570,4
Q99LY2,Q7L5L3,2
Q8VIM4,Q8WZ55,2
Q8BH31,Q8NHS3,3
Q5HZI9,Q9H1U9,1
P70428,Q93063,1
Q9DAZ9,Q96K21,1
P09055,P05556,4
Q8BMG8,Q9H2D1,1
Q9D2J4,Q86XK7,3
Q80T41,O75899,4
Q9JLC4,Q8WY21,3
Q9JJG7,Q9BXU9,2
Q9JKL1,Q8TCW9,4
Q3UVK0,Q7Z2K6,2
F7BWT7,O95858,3
Q99JA4,Q9Y271,3
Q8JZZ7,O95490,3
Q01102,P16109,4
Q62170,Q14242,4
Q8C4U3,Q8N474,1
Q9Z1N6,Q6FHJ7,1
Q8BGS7,Q9Y6K0,1
Q9CZJ9,Q9H819,1
Q923Z0,Q9NZH0,3
P0C192,Q9NT99,2
P58355,Q9UMX9,3
Q9QYM9,Q9UIK5,4
Q9D176,Q96L08,4
O35681,Q9BQG1,2
Q9CZB9,Q5BJH2,2
Q3TDN0,Q96F81,2
Q5SSE9,Q86UQ4,4
Q6IE26,Q8IUS5,1
Q14AK4,Q9H8X9,2
S4R2P9,P57103,3
Q9Z2W8,P48058,3
O88507,P26992,1
P30993,P21730,4
Q9D771,Q9H813,2
P20918,P00747,1
Q8BG58,Q9NXG6,1
Q8K377,Q86UE6,1
Q9D7W4,Q96FV3,3
P18581,P52569,3
Q8BVN3,Q7RTX7,2
Q6GQT6,Q12770,2
Q91ZV3,Q96PD2,3
P0C7A3,Q96T53,1
Q2YFS3,Q9UKJ1,4
Q8BUJ9,Q9Y561,2
P28660,Q9Y2A7,1
P56695,O76024,1
O35696,Q92186,1
Q99KK1,Q6NUK4,1
O09010,Q8NES3,1
O88855,Q15722,4
Q9DAC0,Q8TAZ6,2
Q9DC29,Q9NP58,1
Q9ESG8,Q969W1,1
Q8K1S3,Q8IZJ1,4
P58735,Q9H2B4,4
Q9Z127,Q01650,4
A2A699,A8MVW0,2
Q9ERH8,Q9HAS3,4
Q8K558,Q86YW5,3
Q5SDA5,P51841,2
Q8BW41,Q8NAT1,1
Q8BG19,Q5T4D3,2
Q5F2L2,Q6P4F1,1
Q9QXA1,Q6ZMK1,1
Q8BH10,Q96SN7,2
Q60850,Q6PIS1,2
Q8BYG9,Q5JZY3,3
Q8VHF2,Q9HBB8,2
Q9CY27,Q9NZ01,2
P09242,P05186,1
O54942,O00501,2
Q3U9G9,Q14739,1
Q9DCK3,O14817,3
Q8C5U4,Q0P670,2
P35456,Q03405,2
Q61335,P51572,2
Q6PHU5,Q99523,2
Q8BHH9,Q6ZVK1,2
Q9CYN9,O75787,2
Q99MR9,Q16821,2
Q8K1N1,Q9NP80,1
Q9D1E8,Q9NUQ2,2
Q8K0B2,Q9NUN5,3
Q3UTD9,Q7Z3B0,1
Q9Z0J1,O95980,1
O88552,P57739,3
O88551,O95832,3
O88703,Q9UL51,2
Q8CEZ1,Q147U7,1
Q8VCB1,Q9BTX1,2
Q8K1X1,Q9BZH6,1
Q3UNB8,P0C7T8,1
P14437,P01909,4
P23150,P01909,4
P14438,P01909,4
P01910,P01909,4
P04227,P01909,4
P04228,P01909,4
P14434,P01909,4
P14435,P01909,4
P14436,P01909,4
Q8K007,Q8IWU6,1
O88962,Q9UNU6,1
Q62165,Q14118,3
Q9D0K1,Q92968,1
P05622,P09619,4
Q8BFZ9,O94905,1
Q9EPW0,Q96PE3,1
P97333,O14786,4
O35375,O60462,3
Q8BK08,P17152,1
P31695,Q99466,3
Q03311,P06276,1
O88721,P30518,2
Q64446,P35670,1
Q8K2Y3,Q9NVM1,1
Q01338,P08913,3
Q91ZU9,O60391,3
Q8VC65,Q8IXM6,1
P21836,P22303,2
P04202,P01137,1
Q6PB70,Q9HCE9,1
O88587,P21964,1
Q2QI47,O75445,3
Q8BJI1,Q9H1V8,3
B2RXZ1,Q8NA58,1
Q8R3U1,P53816,2
P09793,P16410,4
Q9Z0U9,Q99500,4
Q61817,O43889,1
P97325,Q11203,1
D3Z7H4,Q6UXU4,2
Q9EQF2,P23276,4
P01590,P01589,4
Q99MQ3,Q9BXM7,1
Q6PDE7,Q6P531,1
Q99KU6,Q6UWU4,2
Q60893,Q8NGG7,3
Q5QD07,Q969N4,3
Q5QD06,Q969N4,3
Q5QD05,Q969N4,3
G5E8K5,Q12955,1
Q99K10,Q8N2Q7,3
Q9JKF4,Q6EIG7,2
Q62470,P26006,4
Q5NCM1,Q9Y2C5,2
Q7M758,Q9UQQ1,2
Q9JJV9,Q14524,3
Q9D9J7,Q8IYV9,3
Q8BZ00,Q8IVB4,2
O89026,Q9Y6N7,2
Q78DX7,P08922,3
P04925,P04156,4
Q9D6J1,Q9HA82,1
P56677,Q9Y5Y6,3
Q9D132,O00322,3
Q6PD26,Q96S52,1
Q9D0P0,Q9BY08,1
Q9ET38,Q8N6F1,2
Q8K4Z6,Q5T6X5,4
Q9Z2P8,O95183,2
Q9WTR1,Q9Y5S1,4
Q9R0H2,Q9ULC0,4
Q80XH2,Q9BZV3,3
Q8VC26,A6NGC4,1
Q8C850,Q6AZY7,2
Q6NXH2,Q5SRI9,1
Q8BGQ4,Q9UKY4,1
Q75VT8,A8MVS5,2
Q09143,P30825,3
O35874,P43007,3
Q0VBF8,Q69YW2,2
Q3UHN9,P52848,1
Q5U431,O43194,2
P56475,P24046,2
P56476,P28476,2
Q9QZF2,P35052,1
P30557,P43115,3
Q02738,Q9NTQ9,3
P28231,O75712,3
Q9WTX4,Q8WWG1,3
Q704Y3,Q8NER1,3
P48543,Q92806,2
Q2TB54,Q8WWV6,3
Q99MB3,Q9BX74,3
Q9WTS4,Q9UKZ4,3
Q9CQ56,Q9NZ43,2
Q9D3P8,Q9HBL7,1
Q91WS0,Q9NZ45,1
Q8BLE7,Q9P2U8,3
O88630,O95249,1
Q7M729,Q8IWT1,3
Q8BHA9,Q8TE99,1
Q9WU40,Q9Y2U8,1
Q9Z109,Q96IQ7,3
O88576,Q96N87,3
Q9CTN8,Q86UP9,2
P04756,P02708,3
P11942,P09693,4
O09047,Q16581,3
P27548,P29965,3
O55003,Q12983,1
Q3UPR0,A0PJX4,1
D3YYI7,Q8TC41,2
Q91XE8,Q6UW68,2
O88338,O75309,3
Q8BX35,Q9HAV5,3
Q91X56,Q9H228,3
Q8VCM7,P02679,1
E9PV24,P02671,1
Q8K211,O15431,4
Q60603,O95259,1
Q3U6B2,P32249,4
Q91VA1,Q53GD3,3
Q9Z1Q4,O95867,1
Q99N03,Q96PG2,1
Q3TR08,Q9H6D8,3
Q9JJL3,Q9NPD5,2
Q9D2Y9,A1L3X0,1
Q149F5,Q6P5X7,2
Q8K0H7,Q96JT2,1
O08786,P32238,4
P97718,P35348,3
O88307,Q92673,4
Q7TQA9,P59551,1
Q91YY2,O60512,1
Q91XF4,Q9H6Y7,3
P17125,P10600,1
P48030,P01135,3
O88393,Q03167,4
Q62312,P37173,4
Q8BG07,Q96BZ4,2
O88174,P15529,4
P49300,Q8IUN9,3
Q9ESF4,Q7Z429,2
Q8BNI4,Q9GZP9,1
Q8BHK2,Q9NY72,3
Q07235,P07093,1
Q04592,Q92824,2
O70342,Q15761,2
Q921V5,Q10469,1
Q9JMA1,P54578,1
P27808,P26572,1
O09008,O00587,1
Q9WV08,P35414,3
Q07646,Q5EB52,1
Q8R4G6,Q09328,1
Q8BYI6,Q7L5N7,2
Q4PJX1,Q5SWX8,2
Q8C561,Q68DH5,3
Q3TXX4,Q9P2U7,3
Q9D733,P55259,2
E9Q0N2,Q9HD43,3
Q8BND5,O00391,3
A2ARA8,P53708,4
Q9CQS4,Q96AG3,1
P28828,P28827,3
Q8C2L6,Q8NDZ6,1
Q7TSK3,O95206,3
Q61091,Q9H461,3
Q9ER47,Q9NS40,2
P50294,P11245,1
Q9Z2B1,O95256,4
Q9Z210,O96011,1
Q61549,Q14246,4
O35683,O15239,1
O35136,O15394,3
Q9CQ91,O95167,1
O88384,Q9UEU0,2
Q8BIK6,Q7RTY8,1
Q9CR60,Q9Y3E0,1
Q2MKA5,P30532,4
O70503,Q53GQ0,1
Q9EQQ2,Q969M3,1
P41272,P26842,4
P33896,P17181,3
P10417,P10415,1
P15530,P40259,4
Q61190,Q08334,4
Q07456,P02760,1
P30355,P20292,2
Q64689,O43173,1
P22933,O14764,3
Q75N73,Q15043,3
O88536,P25090,4
Q9CR20,Q9Y5U9,2
Q00609,P33681,4
Q9Z1X2,Q9BVG9,2
Q8BJ48,Q9UK23,1
Q80T32,Q6QNK2,3
O08912,Q10472,1
P40749,Q9H2B2,1
Q8BVM2,A6NF34,1
Q9EQG5,Q3B7T3,1
O70491,Q9BX79,1
Q08857,P16671,4
P22726,Q9H1J7,1
Q8BUB6,Q9Y2C2,2
Q921Y4,Q6N075,2
Q91ZX1,Q9H2X3,4
B2RQE8,Q9H2Q1,2
O88454,Q9NYG8,2
Q920L1,O60427,2
P08207,P60903,1
Q9DA57,Q9BR10,1
P15209,Q16620,4
Q91ZD4,Q9ULK5,2
Q8BZA7,Q8NDV2,2
Q8BSS9,O75334,1
Q80U56,Q8NBF6,1
A2ASZ8,Q6KCM7,1
Q9R1V6,Q9P0K1,3
P11499,P08238,1
P31240,P01127,1
P32037,P11169,4
P07214,P09486,1
P27545,P27544,1
P97414,P51787,3
Q61271,P36896,4
Q6TAW2,Q8N6R1,2
Q3UP87,P08246,2
Q61526,P21860,4
Q5GFD5,Q96QI5,1
Q8BZH0,Q96H72,1
Q80XA0,Q9BTD3,2
Q8C1E7,Q9BXJ8,2
Q8C6N3,Q9BQS2,1
Q9JLF1,Q9UN88,2
Q5XJY4,Q9H300,1
Q8HWB0,Q95460,4
Q5JCS9,Q9Y2A9,1
Q9CQC3,Q5VTT2,1
Q3U827,Q86T96,1
Q7TN88,Q7Z442,3
P16382,P24394,3
P27931,P27930,4
Q8BR76,Q5HYA8,3
O88319,P30989,3
Q9Z0G9,O15551,3
O35054,O14493,2
P56383,Q06055,1
Q6PDN3,Q15746,1
O54901,P41217,4
Q0VBP7,Q3SXP7,2
Q3UHH8,Q4G148,1
Q9D3X9,O75121,2
Q812F8,Q9UQ53,1
Q78IK2,Q96IX5,1
Q9JKN1,Q8NEW0,2
Q9D304,Q8TEB7,3
Q9D8B7,Q9BX67,4
P41317,P11226,1
Q5DTL9,Q6U841,3
Q99LJ5,Q96MX0,2
Q99J56,Q9BUN8,1
Q811U4,Q8IWA4,1
Q8C838,Q8IXB3,2
Q32NY4,Q8NE01,2
Q8K1S6,Q8WWL2,1
Q62371,Q16832,4
O55040,Q9HB89,4
Q61361,Q96GW7,1
Q3V0Q7,Q86WS5,1
Q99JH7,Q9BQT9,3
Q8R4U0,Q8WWQ8,4
Q9EQT6,Q7L8C5,1
Q7TQA5,P59534,3
P41438,P41440,4
Q9Z1M7,O95461,1
O54957,O43561,1
Q3V3R4,P56199,3
P56484,P51685,4
P70211,P43146,4
E9Q0B3,F5H4A9,1
P29319,P29320,3
Q91WN2,Q86TG1,3
P55086,P55085,4
Q9Z0K8,O95497,1
Q769J6,Q76LX8,1
O70281,O60507,1
Q497J1,Q8N661,1
P38649,P16442,1
P18293,P16066,2
Q80UW0,Q96MM7,2
Q99J47,Q6IAN0,1
Q8R2S8,Q8N6Q3,2
P26039,Q9Y490,1
Q504N2,Q8IZD6,2
Q9JKD3,Q8TAC9,2
P51865,P13385,2
Q8CIB5,Q96AC1,1
Q8BMK4,Q07065,2
Q9D1D4,P49755,3
Q8CE47,Q6UXD7,3
P51576,P51575,4
P70424,P04626,4
P49650,P47900,4
P35383,P41231,3
Q9CZW4,O95573,1
P28843,P27487,2
Q9ERS2,Q9P0J0,1
Q8BRK9,P49641,1
Q7TSA3,Q7Z6A9,4
Q80ZE3,Q96LC7,4
Q03157,P51693,3
Q5U4E0,Q7Z7J7,3
Q9DBI0,Q8IU80,3
A2A559,Q96FM1,1
P0C5E4,Q9UMZ3,2
Q8CB44,Q6IC98,2
P20782,Q04844,3
Q64347,P35523,1
Q9WUB7,P51801,2
Q8C4G9,Q86SQ6,2
Q8BKE6,Q6UW02,1
Q8R3L5,Q9UIG8,3
P15379,P16070,4
Q6RKD8,Q9NZU1,3
P08505,P05231,1
P63080,P28472,2
P24638,P11117,2
Q9QYC7,P38435,2
Q8CFE6,Q96QD8,3
Q8BYM5,Q9NZ94,3
P97764,Q96G27,2
Q8BZG5,Q96FB5,1
Q810K9,A0PJZ3,1
Q0VDU3,P49685,4
P35412,P47775,3
Q8BUD0,P46093,2
P35802,P51674,3
Q3UN16,Q16538,2
Q3TSG4,Q6P6C2,1
Q8BFZ2,Q8TBJ4,1
Q6ZPR5,Q9NXE4,2
Q9D2N8,Q8N3T1,1
Q3UVY1,Q86SP6,3
Q8K4L3,O95425,1
Q9JJ61,Q8N428,1
P57096,O43653,1
Q8K209,Q9Y653,4
Q3UFJ6,Q6ZMB5,2
Q80T91,A6BM72,3
Q9JLI3,Q495T6,2
Q6PIC6,P13637,2
Q80WK2,Q86UW2,3
O88967,Q96TA2,1
Q9D2L6,Q8IZF3,3
Q8R3S2,Q86UF1,4
Q8BGD5,Q8TCG5,1
A2APT9,Q5VTJ3,1
Q9JI60,O95237,1
Q640L3,Q9ULG6,2
Q99P47,Q9C0A0,3
Q3U1J0,Q8WUX1,2
Q8CIP5,A7MBM2,2
Q3URS9,Q96ER9,2
Q8R100,Q8N5C1,3
Q8C8C1,P59025,2
Q8K3V7,Q9UPX6,2
Q0PMG2,Q8NFP4,1
Q3V3G7,Q8IUY3,2
Q9ESD1,Q16651,2
B1ATG9,A6NFA1,2
Q9D0L7,Q8N2F6,1
Q8K1A5,Q5BJD5,1
Q03145,P29317,4
Q8BFQ3,Q15743,4
P70224,Q8WWP7,1
Q60943,Q96F46,4
Q8K1S2,Q6UXZ4,1
Q9D6X5,Q9NQ40,3
Q9D1N4,A6NI61,1
Q99LI2,Q96S66,1
Q8R4Y4,Q9NY15,4
Q9JIL6,Q9NZD1,4
Q8BH52,Q70SY1,1
Q71B07,Q6ZPD9,3
Q8C031,Q9HCJ2,3
P03958,P00813,1
O08650,O00219,2
P16283,P48751,2
P97792,P78310,4
P61804,P61803,2
P23927,P02511,1
Q61418,P51793,1
P35282,Q9UL25,1
P97814,O43586,1
Q3TAS6,Q5UCC4,1
Q69ZZ6,O94876,2
Q9D0V7,O00559,1
Q8R191,O43761,1
P0C090,Q9HBD1,1
Q91YK8,O95274,1
Q9D8C2,O95857,3
Q7TST5,Q9UQV4,3
Q9JJV4,Q9UBN1,3
E9Q9K5,Q13061,1
Q60771,O75508,3
F8VQN3,O00270,2
Q9CQV4,Q86VR2,2
Q09PK2,Q53RT3,1
Q9DCV3,Q96PD7,1
Q8BGF8,Q5M8T2,1
Q8BHJ6,Q86VE9,3
Q8VCH2,Q6UXZ3,2
Q6SJQ5,Q6UXZ3,2
P09803,P12830,4
Q3TYU2,Q4VNC0,2
Q9DBM0,Q9H221,2
O35566,P48509,4
Q3UVY5,Q63HM2,1
Q80X89,Q9Y4X1,1
Q9WVS0,Q9Y6W8,4
Q8VHS2,P82279,3
Q6P1I6,Q9BQI7,1
Q8R4V1,Q8NET5,3
Q9JHB2,O14581,2
Q80UC6,Q9BZJ7,3
Q5SWK7,Q96MT1,1
Q5SVR0,Q66K14,1
Q9ERM2,Q14773,4
Q68FD9,Q9HCM3,1
Q9D159,Q8TCY5,1
Q7TNV1,Q71RH2,1
Q9WTL4,P14616,3
A2AN08,Q5T4S7,1
Q80UK8,Q9H0H0,1
Q91WU4,Q5TGY1,2
Q99MQ5,Q9BXS0,2
Q3V0I2,Q8TB68,1
Q3UP23,Q6ZUK4,3
Q6P2L7,Q6P4E1,1
Q8BHK3,Q495M3,3
Q6PE13,Q5FWE3,2
Q8K1E0,Q13190,1
Q6QLQ4,Q9BXN2,4
Q91ZW7,Q9NNX6,2
Q61184,P48039,2
P41731,P08962,4
Q8BR86,Q8IZU9,3
Q05909,P23470,3
Q9JL99,Q9P126,4
Q8K3I8,Q8N690,1
P35363,P28223,3
Q8BIX9,Q9BVA6,1
Q9CZR2,Q9Y3Q0,1
Q60634,Q14254,1
Q8BHE3,Q86WG3,1
Q8VHK8,O60235,2
Q91V79,A5D6W6,2
Q9CZT5,Q6EMK4,3
Q8BH27,Q9H1U4,2
Q8R189,Q8IY49,2
Q5DTN8,Q5VZ66,1
Q8VEX6,Q8NGV6,2
Q9D8I2,Q9BPV8,4
Q9CZW5,O94826,1
P06797,O60911,1
Q5XG73,Q5T8D3,2
Q810F0,Q86XR5,3
Q91XL3,Q8NBZ7,1
Q3UUQ7,Q75T13,3
Q925Q3,Q6J4K2,3
Q9ET43,P56749,3
Q6Q473,Q14CN2,3
P56480,P06576,1
Q64237,P09172,1
Q80WJ6,Q96J65,1
Q5XF90,Q4VNC1,2
Q62179,Q9NPR2,2
Q60519,Q9P283,3
Q62178,Q9H3S1,3
O54951,Q9H3T3,3
O08832,Q8N4A0,1
O88728,A6NNB3,1
Q8BWQ6,Q7Z3J2,1
Q91WW5,Q96LB0,3
Q8BHS8,Q9NX95,1
Q8BGW2,Q9NX94,2
D3YZF7,Q86VR7,2
P97799,Q8IZ57,2
Q91WE6,Q5VV42,2
P63044,P63027,2
Q9WUB6,P51800,1
Q9CZX7,Q8N4L2,2
Q9Z307,Q9NPI9,2
Q9R0Y8,Q8N1C3,3
Q9JHH2,Q96QS1,3
Q9JIQ8,O15393,2
Q80ZM8,Q9UJA2,1
P47740,P51648,1
Q8QZW7,O00591,3
P0C7M9,P0C7M8,1
Q8R1J1,Q9BZW4,1
P39098,O60476,1
A1Y9I9,Q8WZ04,1
Q8BJM5,Q6NXT4,2
Q6P1H1,Q8NBI2,1
O88335,P48048,2
Q8BHH8,Q8NCR9,2
Q924H0,Q9Y5X5,3
Q99ME6,Q9UN42,3
Q8BGA3,O43300,3
Q7TMD7,Q86SJ6,2
Q923Y8,Q96RJ0,3
Q9EQD0,Q13467,3
Q9CRA4,Q15800,2
Q8BGP6,Q8TBP6,1
Q61616,P21728,2
Q8K3F6,O43525,2
Q01237,P04035,1
Q5F289,Q8N4L4,2
Q8CFZ4,P51654,1
Q8R173,Q9NYG2,1
Q8BT07,Q53EZ4,1
Q9CR67,P57088,2
Q9D1E5,Q6UX01,4
Q9CX83,Q9P291,2
Q3UN02,Q6UWP7,2
Q9CZR4,Q8IZV2,1
Q91XA2,Q8NBJ4,1
Q3TWL2,Q86T03,2
Q80TS8,Q68CR1,2
Q3U3D7,A2VDJ0,2
Q6ZWQ7,P61009,1
Q3UHH2,A1A5C7,3
Q9EPR4,Q9UGH3,2
O35453,P05981,1
Q8BHH1,Q8NBQ7,2
O70458,Q99650,3
Q6VVW5,P20594,2
O35435,Q02127,1
O88455,Q9UBM7,1
Q91ZI8,P55073,1
Q8BHA1,Q50LG9,3
Q8VBZ3,O96005,1
Q6ZQ89,O60337,1
O35595,Q9Y6C5,2
O70480,O75379,1
Q6ZPR4,Q5JUK3,2
Q9JJ04,O60513,1
P98197,P98196,2
O88324,Q01151,4
Q5Y5T3,Q8IYP9,1
Q3U3F9,Q9UJ42,2
Q9D6U8,Q96A26,2
P58021,Q99805,3
P0DI97,Q9ULB1,3
Q9CS84,Q9ULB1,3
P0DI97,P58400,3
Q9CS84,P58400,3
P13372,P12018,1
P13373,P12018,1
Q9CR48,Q6UX65,2
Q9D956,Q96A59,2
Q9QYK5,O60243,1
Q8BLX4,Q96A29,1
Q149C3,Q6UY18,3
Q9DA32,Q8TC36,1
Q3UNN8,Q8N7P1,2
Q812F3,P38567,2
Q6P1C6,Q6UXM1,3
Q9JIG4,Q6ZSY5,3
Q80ZA4,Q86WI1,2
Q6UJY2,Q4G0N8,1
P53690,P50281,3
E9QA28,Q2WEN9,1
Q3USF0,Q6ZMB0,1
Q8C6S9,Q96N23,1
Q6Q477,P23634,3
Q9CPW5,P43308,1
Q9CY50,P43307,2
Q673U1,Q9Y278,1
Q9EPW9,Q9Y2C9,4
Q8VCA0,Q8N4F4,1
Q7TQA3,Q8N3Y7,1
Q3UIU2,O95139,1
Q62147,Q14714,3
Q61330,Q02246,2
O35426,P17861,1
Q8BUV8,Q5VW38,2
Q9DB43,O95159,2
O35704,O15269,1
B1AZA5,Q9H330,3
Q3U1T9,Q6P3S1,2
Q9JKT3,Q9NYW5,2
Q8R464,Q8NFZ8,3
Q7TQ32,Q6ZVN8,3
Q02013,P29972,4
Q61093,P04839,1
O88343,Q9Y6R1,3
O88853,O60755,3
Q8R4P9,Q5T3U5,2
Q7TQI0,Q9BSN7,3
P82350,Q16586,2
Q9DBX3,Q9UGT4,3
O70355,Q9UIR0,2
Q8K449,Q8IUA7,4
P97321,Q12884,2
Q9WV27,Q13733,3
B5TVM2,Q71H61,2
Q9JKC6,Q8N111,2
P70419,Q14435,1
O70324,P36021,2
Q01727,Q01726,3
Q2TV84,Q7Z4N2,2
P30554,P04201,3
Q9DC58,Q8N682,2
Q80X71,Q9NUM4,3
Q9QXH4,P20702,4
Q9ESG6,Q15391,3
Q9D9D5,Q8N6Q1,2
Q9DC11,Q6UX71,3
Q8R3R5,Q9H7F4,1
Q99P65,Q9BZD2,2
Q61420,P78382,2
Q9Z0V2,Q9NZV8,2
Q80TI0,Q3KR37,2
Q6P5H6,Q7Z6J6,1
Q07113,P11717,4
P13504,P14778,4
P23979,P46098,3
Q9R1C8,P50406,3
Q8BR70,Q96EC8,1
Q921V7,Q8N4M1,2
Q80Z10,O75129,3
Q8K0L2,Q5MY95,2
Q80V26,Q9NX62,1
Q8VCA6,Q9NX61,3
P47741,P43489,4
Q91WF3,Q8NFM4,2
Q4KL18,Q8WVE6,3
Q9D7I0,Q8N114,1
P59270,Q9NPZ5,1
Q9WU81,Q8TED4,3
P62331,P62330,1
P31955,P15514,3
Q9WTP5,Q9UJ99,3
E2JF22,Q92508,3
Q8VD57,O95562,2
Q60767,O60449,4
P56726,Q99835,4
Q8VBW1,P48029,3
O08992,O00560,1
Q8CFS6,Q8TDN2,2
Q3TCT4,Q9NQZ7,1
P29974,P29973,2
Q61851,P22607,4
Q9WVC8,P40879,3
Q8C261,Q71RS6,3
P36423,P24557,1
Q8BGZ8,Q8TCW7,3
Q6NS82,Q8NC44,2
Q9DBV4,Q9BRK3,3
Q9DCI3,O95772,1
Q8JZN3,Q9UNX9,2
Q8K2J7,Q8IUW5,2
Q8R115,A0PJX8,2
Q6ZWQ0,Q8WXH0,1
O88444,Q08828,3
Q8K071,A6NGB7,1
O35454,P51797,2
Q9JJ00,O15162,2
Q8K158,Q9BV87,1
Q3U481,Q6NUT3,3
Q3U7U4,Q8NEQ5,2
A0PK84,Q8N966,2
Q64518,Q93084,1
Q7TQE6,Q8N5G2,1
Q9JHQ0,O76027,1
Q8K099,Q9P2V4,2
Q9CZL2,Q8N8J7,2
B1AQL3,A6NFC5,2
O35153,Q9NYM9,1
E9Q612,Q16827,4
P29754,P30556,4
Q8C567,O76036,4
Q3TYX2,Q8ND94,3
Q3U1N2,Q12772,1
Q62283,P41732,4
Q8R3G9,P19075,3
P24383,O00755,1
P56395,P00167,1
Q8K1S4,Q6ZN44,3
P54763,P29323,3
Q8BYF6,Q8N695,3
Q6IS41,Q6Q0C1,1
Q9Z0Y2,P04054,1
Q9JLN6,Q9UKQ2,4
Q91ZB7,Q86SM8,2
Q8R1V4,Q7Z7H5,1
Q4PZA2,P42892,4
Q8C0M0,Q6PJI9,1
P41149,P33032,3
P56450,P32245,2
Q6A4L0,Q9Y226,4
A8E0Y8,Q93033,4
Q9Z123,O95754,3
Q9Z0R9,O95864,2
O70439,O15400,2
Q9WV55,Q9P0L0,2
Q8BLD9,P21918,2
P26048,P47869,3
P51436,P21917,3
P55284,P33151,4
P26049,P34903,3
Q8BHJ7,P31644,3
Q8C8T7,P0C7U0,2
Q9JKZ2,P53794,2
Q8BJQ9,Q8TDX6,1
P35969,P17948,3
Q3USY0,Q08AI6,3
Q9CQX2,O43169,1
Q6IYF8,Q96P68,3
Q8R4P4,Q8TDI7,2
Q9QUL7,Q9NRR2,3
Q8C3X2,Q9GZT6,2
P33033,P41968,3
P97287,Q07820,1
O88559,O00255,1
Q9CXB2,Q3KNW5,3
Q8BWY9,Q8TCG1,1
Q8VEF1,Q96CP6,2
Q9DA04,A2RUT3,2
Q99JG2,O60883,3
P97441,Q99726,2
Q08481,P16284,4
Q64343,P45844,3
P08003,P13667,1
Q08AU7,A6NDP7,1
Q8R2N1,Q92482,3
Q924X1,Q6UW88,3
Q62413,Q9UF33,2
Q99MT6,Q9BXA5,3
Q99P91,Q14956,3
B2RU80,P23467,2
P06800,P08575,4
Q32NZ6,Q6UXY8,2
Q8BP31,Q9H9V4,2
Q69ZS6,Q496J9,3
Q9DB41,Q9H1K4,1
Q96DY5,Q9ULX5,2
Q2EY15,Q2VWP7,3
P10761,P21754,3
Q8BM92,Q9ULB5,3
Q61606,P47871,2
P28230,P08034,3
P23242,P17302,4
P16882,P10912,4
Q8VI59,Q9H6A9,1
Q8R239,Q5VZI3,2
Q8VCF0,Q7Z434,2
Q920N7,Q8IV01,1
Q3UV31,E7ERA6,1
Q9QUT0,Q02094,3
Q9ERS6,Q9NP60,3
Q80VA0,Q86SF2,1
Q61086,Q9NPG1,2
Q8BQZ8,Q9BQ31,3
P43406,P06756,4
P40237,P27701,4
A2BDX4,Q9UIX4,2
Q61423,P22459,2
O35173,Q96KK3,4
P58391,Q9UGI6,3
P51637,P56539,2
P56481,P32239,3
P19437,P11836,4
Q921I0,Q9P0S3,2
Q3UU67,Q6PIZ9,2
Q99PJ0,Q9P121,2
P48302,P24530,4
Q8K3Z9,Q96HA1,1
Q8K3Z9,A8CG34,1
Q3U128,Q8J025,3
P35329,P20273,4
P11911,P11912,4
Q6P9S7,Q86SR1,1
Q8BQP8,Q86YS3,1
Q8VCX2,Q9NQQ7,3
Q8C8N2,Q8N9R8,1
Q9WVK0,Q6RW13,2
Q8K087,P46091,3
Q7TMM8,Q8N5Y8,1
Q9QUQ5,Q9UBN4,3
Q8BGP5,O75204,2
Q8BYR8,Q96JW4,3
Q3TFD2,Q8NF37,2
Q91W10,Q9C0K1,2
Q8K3Z0,Q9HC29,1
Q9EP64,Q9H2S6,2
P47743,O00222,3
Q9QYS2,Q14832,3
P21729,P30550,3
E9PZ19,Q9UPX0,1
Q80TF3,Q8TAB3,3
Q69ZJ7,Q4ADV7,1
P51682,P51681,4
Q5HZI1,Q9ULD2,1
P62482,Q13303,1
O88561,Q5K4L6,2
Q3TZZ7,A0FGR8,2
Q91Y57,Q9Y336,4
Q8K0H1,Q96FL8,3
Q8VBW9,O60404,3
B2RU40,C9JH25,1
Q2VLH6,Q86VB7,4
Q8K596,Q9UPR5,2
Q5NCS9,Q96C03,1
Q9CPW0,Q9UHC6,3
Q9QXZ9,Q9UHM6,2
Q9QY80,B0YJ81,1
Q9D2R6,Q9Y2R0,2
Q61809,Q6UXK5,3
Q6PEE3,Q7LG56,1
Q9JJZ8,Q16281,1
Q925I1,Q9NVI7,1
O89001,O75976,3
Q8BGN5,Q6P499,2
Q61983,Q14916,3
Q8CBX0,Q9P1W3,3
P97370,P54709,4
Q61224,P28221,2
Q8BXQ3,Q9HBL6,3
Q9JHE4,Q99999,1
A2AGL3,Q15413,1
Q9Z1F6,O75829,2
O88856,O60704,1
O55101,O43760,2
B1AT66,O15403,3
G5E8K6,O15375,4
Q8K561,Q7RTW8,1
Q9JJK5,Q15011,1
Q3TEW6,O95297,3
Q9CQD8,O15342,2
P51881,P05141,2
Q3V209,Q71RG4,1
Q8VE98,Q5ZPR3,4
D3YVE8,Q8TBE7,2
O55017,Q00975,2
Q61290,Q15878,2
P50992,P51164,3
Q64444,P22748,3
P12657,P11229,2
Q61139,Q16549,1
Q99KC7,Q0VAQ4,1
Q80WT0,Q96JJ6,1
Q4VAH7,A8MVW5,3
Q9D164,Q9H0Q3,2
Q9D7D1,M0QZC1,1
Q8BMT9,Q5VTY9,1
Q9JK95,Q96FX8,2
Q8K3J9,Q9NQ84,3
Q68EF4,Q14833,3
Q5NCH9,O15303,3
Q68ED2,Q14831,3
Q08501,P16471,4
Q8R182,O14669,2
P70263,Q13258,3
Q62053,P43116,3
P35375,P34995,2
O88736,P56937,1
Q9D1T0,Q96FE5,3
Q924X6,Q14114,4
Q8CIB6,Q96A57,1
Q9EP73,Q9NZQ7,4
Q3UN70,Q96LU7,1
P24161,P20963,3
O88909,Q8TCC7,3
P13595,P13591,4
Q8VE49,Q1HG43,2
Q9D9R3,Q9BWV2,1
Q9JL18,Q9Y5Z0,3
Q920H4,P08912,4
Q9Z0S7,O95484,2
P58158,O94766,1
Q8BGX3,Q8N967,3
Q3UGX3,Q8N9F0,1
Q925F3,P50876,1
Q925G2,Q53TN4,2
Q9D6M3,Q9H936,1
O70514,Q14512,1
P57791,Q9Y256,1
P98195,O43861,2
P43488,P23510,3
Q6DID7,Q5T9L3,1
Q9CQ92,Q9Y3D6,1
Q9D311,Q1HG44,1
O35405,Q8IV08,2
Q8CHS2,Q8N4W6,2
Q8VCJ6,Q96AM1,3
Q8K410,Q8TC27,3
P35378,P23945,3
P20490,Q01362,3
Q61090,O75084,3
O70421,Q9UP38,3
O54905,O43825,1
P34984,O95047,3
P34984,Q96R45,2
Q8BLK3,Q13449,3
Q9Z2T1,Q9Y2U2,2
Q05910,P78325,4
P47746,P21554,4
Q9JL21,P46092,4
P12960,Q12860,1
O35379,P33527,4
Q99JB7,Q9BXJ7,4
Q921R4,Q6Y2X3,2
Q3UHK1,Q96QE2,3
Q8CBR1,Q86SU0,3
Q8K4C2,Q8NAC3,4
Q9DCN7,Q5M7Z0,3
Q9JMI7,Q9BY14,1
Q6PIX5,Q96CC6,2
P14142,P14672,3
Q6ZQI3,Q14165,2
Q91YY5,P46721,3
Q3URJ8,Q8N8D7,2
P58307,O43613,2
Q61672,Q14542,3
Q9ESF1,Q9HC10,2
Q9R229,O95393,1
Q3UZV7,A8MWY0,3
B2RX12,O15438,4
Q80W94,Q3SYC2,2
Q91ZX7,Q07954,4
Q91VN0,O75197,4
O88572,O75581,4
Q9WTU3,Q9UQD0,3
Q61712,Q96KC8,1
B2RVY9,Q6ZP80,3
O88322,Q14112,1
Q923X1,Q9HBW9,1
Q80TE3,Q9P2E8,2
Q9D8N1,Q96F05,3
P26952,P26951,4
Q91ZR5,Q8NEC5,2
Q07139,Q9H8V3,1
Q04683,P32302,4
Q8JZL2,Q99705,3
P28653,P21810,1
P51491,P03999,3
Q9JI71,Q9NR61,4
Q9JLL3,Q9NS68,4
Q9CSV6,Q587I9,2
