Accession,Human_Accession,SPC
A0A0G2K309,Q9Y619,1
A0A0G2KBC9,Q6PI73,3
A0FKI7,Q5T8D3,2
A0JPN2,Q6P5W5,3
A0JPQ8,Q6ZNB7,1
A1A5S3,Q14330,4
A1L134,Q9Y679,1
A1L1J9,Q9BU23,1
A1L1L2,Q6NUQ4,1
A2RRT9,Q6ZWL3,1
A2RRU4,Q12770,2
A2RUW0,Q68CQ1,1
A2TGX5,Q9UGN4,4
A2VCW5,Q8WUX1,2
A4GG66,P36383,2
A4KWA1,Q12918,4
A4ZYQ5,Q6PXP3,3
A6P320,A6NNE9,1
A6ZIQ8,Q9H6F2,2
A7VL23,Q9NPA1,3
A9CMA6,Q8TC26,2
B0BMW8,Q9Y256,1
B0BN44,Q8NBR0,2
B0BN86,P17152,1
B0BND0,Q6UWR7,1
B0BNF0,Q8N661,1
B0BNG2,Q9BZW4,1
B0BNK7,Q9BTN0,3
B0K004,P0C7Q6,1
B0K020,Q9NZ45,1
B0K025,Q9NRP0,1
B0LPN4,Q92736,2
B1H234,Q9NZU0,3
B1Q005,Q96T53,1
B1WBM3,Q9NPI0,2
B1WBW4,Q8N2F6,1
B1WC86,Q53F39,1
B2GUY0,Q9UKM7,1
B2GUY1,O00444,1
B2GUY2,Q9UP52,3
B2GV22,Q9BVG9,2
B2GV46,O14843,3
B2GV54,Q6PIU2,2
B2GV87,P23469,3
B2RYH9,Q5SR56,1
B2RYN7,Q9UBP0,1
B2RYW8,Q5TGZ0,1
B2RZ37,Q00765,2
B2RZ87,A6NDP7,1
B2RZC9,Q8N6L1,3
B2RZD2,Q8IUX1,2
B3DMA0,O14683,2
B4F795,Q8IWA5,3
B4F7C5,Q86VH4,3
B5D5N9,P52569,3
B5DEH2,O94905,1
B5DEK8,Q96AW1,2
B5DF41,O15079,1
B5DF51,Q8N4V1,1
B5DF94,O60687,1
B5DFC9,Q14112,1
B5DFM7,Q86XM0,3
B5MEV3,Q9HAB3,4
B6ID01,Q9P0N5,2
B6VQA5,Q5TZJ5,1
C0HJX2,O75022,4
C0HJX3,O75022,4
C0HL12,O14514,2
C6K2K4,Q8NC67,3
D0Q0Y7,Q8TBE1,2
D3Z813,Q08AI6,3
D3Z8Y2,Q7L190,1
D3ZAF6,P56134,1
D3ZAL8,Q86VH5,3
D3ZAT9,Q5TGI0,1
D3ZB51,Q9UPX0,1
D3ZB94,Q6UXV0,3
D3ZBM4,Q8N6D2,2
D3ZE55,O95206,3
D3ZE85,Q9P0K9,2
D3ZEH5,Q8NBJ9,2
D3ZF92,O75509,4
D3ZFB6,Q7Z6L0,1
D3ZFW5,Q6UX40,2
D3ZG27,Q9Y5Z9,2
D3ZH22,Q9BRV3,2
D3ZHH1,Q9NR61,4
D3ZHR2,P33897,1
D3ZJ47,Q9UPX6,2
D3ZK93,Q6UXU4,2
D3ZKD3,Q6P6C2,1
D3ZLH5,Q9ULL4,2
D3ZNQ3,Q7Z4J2,1
D3ZPG5,Q70CQ3,1
D3ZPX4,P51805,2
D3ZQE1,Q2WEN9,1
D3ZQJ0,P56746,3
D3ZS74,Q96E52,2
D3ZTD8,Q13591,3
D3ZTV3,O43155,3
D3ZTX0,Q9Y3B3,4
D3ZUK3,Q6UY11,3
D3ZVU9,Q8N9F0,1
D3ZXD8,Q9H330,3
D3ZZP4,Q86XR5,3
D4A1J9,Q96NI6,3
D4A2H2,O15269,1
D4A2Q0,F2Z333,2
D4A3T6,Q8IZF7,2
D4A3U0,Q99680,2
D4A612,Q9NXB9,1
D4A6D8,Q86UE6,1
D4A6L0,Q5T848,2
D4A723,Q8N8N0,2
D4A734,Q6ZSM3,3
D4A7K7,P32249,4
D4A7P2,O43300,3
D4A929,Q562E7,1
D4A9I3,Q9UGQ2,2
D4A9R4,C9JH25,1
D4ABB8,O43861,2
D4ABL6,Q6DN14,1
D4ABX8,Q6PJG9,3
D4AC13,O75473,3
D4ACN8,Q9HBL7,1
D4ACP2,Q96EX1,1
D4ACX8,Q96JQ0,3
D4AD02,Q6UXN8,3
D4AD37,Q9NX62,1
D4AD53,Q9UIX4,2
D4ADY9,A1L3X0,1
D4AEP3,A1KXE4,1
E9PSU6,Q96RV3,2
E9PT23,Q9HBR0,1
E9PTA2,O94759,3
E9PTT0,Q8IUH5,1
F1LMY4,P21817,2
F1LN46,Q8TCG5,1
F1LR10,Q9UHB6,1
F1LW30,Q6UXZ4,1
F1M2Z5,Q5T1S8,3
F1M391,Q86WV6,1
G3V7P1,Q86Y82,1
G3V7W1,Q9H553,1
G3V8V5,Q9NYG8,2
G3V909,P18850,1
G3V9H8,P07949,2
O08556,P51681,4
O08562,Q15858,3
O08565,P61073,4
O08589,O00168,3
O08590,Q16853,3
O08617,Q15256,3
O08625,Q6XYQ8,2
O08680,P29320,3
O08721,Q6ZN44,3
O08722,Q8IZJ1,4
O08725,Q92847,3
O08726,O43603,3
O08727,O00300,1
O08775,P35968,4
O08812,Q8WY07,3
O08835,Q9BT88,1
O08874,Q16513,1
O08878,Q99527,3
O08957,Q9NPD7,1
O08962,Q12809,2
O08984,Q14739,1
O09014,Q8N697,4
O09027,O00590,3
O09028,O00591,3
O19477,Q95460,4
O35048,Q9H2F3,1
O35049,Q9NY59,1
O35092,Q99595,1
O35093,O14925,1
O35112,Q13740,4
O35119,Q9UBN4,3
O35152,Q9NYM9,1
O35158,Q4KMG0,3
O35165,O14653,1
O35240,Q9UHC3,1
O35276,O60462,3
O35433,Q8NER1,3
O35458,Q9H598,2
O35476,P04000,3
O35532,Q15800,2
O35547,O60488,1
O35548,P51512,3
O35569,O14511,3
O35764,O95502,1
O35776,Q92819,2
O35777,Q9H0U3,1
O35778,Q13241,2
O35786,Q99788,4
O35789,Q9P2W7,1
O35790,Q9Y2B2,1
O35795,Q9Y5L3,2
O35796,Q07021,1
O35799,Q30201,4
O35811,P51582,4
O35881,Q15391,3
O35910,O15427,2
O35921,P48664,2
O35932,Q9Y5Y4,4
O35956,Q4U2R8,3
O54697,Q9UQQ1,2
O54698,Q99808,3
O54701,Q9UI40,3
O54702,O43529,1
O54715,Q15904,2
O54728,Q6P1J6,3
O54766,P60852,3
O54767,Q05996,3
O54800,P55286,2
O54814,P51677,4
O54852,Q9NS40,2
O54853,Q9H252,2
O54861,Q99523,2
O54898,O43497,3
O54902,P49281,3
O54912,O14649,2
O54939,P37058,1
O54975,P05067,3
O54980,O43760,2
O55005,Q9Y6N7,2
O55145,P78423,4
O55159,P16422,4
O55162,O95274,1
O55197,Q16581,3
O55227,Q53HI1,2
O70127,O95342,3
O70141,Q9H3T3,3
O70156,P78380,4
O70244,O60494,1
O70247,Q9Y289,4
O70257,O15400,2
O70352,P27701,4
O70367,O75829,2
O70418,Q9ULX5,2
O70461,O95907,2
O70511,Q12955,1
O70531,P50443,3
O70534,P80370,3
O70535,P42702,4
O70594,O76082,3
O70595,Q9NP58,1
O70596,Q9UNX9,2
O70597,O75192,1
O70601,O43561,1
O70610,Q9UKL4,3
O70617,O60928,2
O88177,O00623,1
O88178,O96024,1
O88204,O75074,4
O88269,O95255,2
O88272,O75900,1
O88277,Q9NYQ8,3
O88278,Q9NYQ7,2
O88298,P18577,3
O88397,P46721,3
O88407,Q9BWQ8,3
O88419,Q9UBX8,1
O88420,Q9UQD0,3
O88422,Q7Z7M9,1
O88446,O75751,3
O88450,P16150,4
O88457,Q9UI33,3
O88488,Q9UMZ3,2
O88496,P38435,2
O88563,O15438,4
O88626,O60755,3
O88628,Q9H255,3
O88671,Q9NYJ7,2
O88758,Q96KK3,4
O88759,Q9BQ31,3
O88775,Q6PCB8,2
O88777,P49810,3
O88779,O75783,2
O88788,Q5BKT4,2
O88813,Q9ULC5,2
O88823,O76095,3
O88867,O15229,2
O88871,O75899,4
O88917,O94910,2
O88923,O95490,3
O88941,Q13724,1
O88943,O43526,2
O88944,O43525,2
O88969,O60676,1
O89039,P25106,4
O89047,Q9ULD8,1
P00159,P00156,1
P00173,P00167,1
P00406,P00403,1
P00787,P07858,1
P01134,P01135,3
P01581,P01579,1
P01830,P04216,3
P02650,P02649,1
P02680,P02679,1
P02683,P42857,1
P02706,P07306,3
P03889,P03886,1
P03926,P03923,1
P04055,P04054,1
P04157,P08575,4
P04166,O43169,1
P04218,P41217,4
P04633,P25874,1
P04639,P02647,1
P04757,P32297,4
P04774,P35498,3
P04775,Q99250,3
P05183,P08684,1
P05503,P00395,1
P05504,P00846,1
P05540,P01730,4
P05541,P10966,4
P05710,P16471,4
P05943,P60903,1
P06399,P02671,1
P06494,P04626,4
P06685,P05023,4
P06686,P50993,4
P06687,P13637,2
P06761,P11021,1
P06907,P25189,3
P07092,P07093,1
P07150,P04083,1
P07151,P61769,2
P07153,P04843,2
P07154,O60911,1
P07174,P08138,4
P07314,P19440,4
P07340,P05026,4
P07522,P01133,3
P07687,P07099,1
P07722,P20916,3
P07725,P01732,4
P07727,P23415,3
P07825,P08247,3
P07861,P08473,4
P08011,P10620,1
P08033,P08034,3
P08050,P17302,4
P08104,Q9NY46,3
P08289,P05186,1
P08290,P07307,3
P08430,P19224,1
P08482,P11229,2
P08483,P20309,3
P08485,P08173,4
P08541,Q9BY64,1
P08592,P05067,3
P08661,P11226,1
P08699,P17931,1
P08909,P28335,3
P08911,P08912,4
P08921,P06729,4
P09011,P30301,3
P09483,P43681,3
P09626,P20648,2
P09660,Q04844,3
P09759,P54762,3
P0C0K5,Q8TDQ0,4
P0C0K7,O15197,4
P0C0L6,Q6W5P4,4
P0C0W8,Q6DWJ6,3
P0C152,Q5HYA8,3
P0C1G7,Q9NX94,2
P0C1Q3,Q7L5N7,2
P0C1S9,Q8NCG7,2
P0C1T0,Q495T6,2
P0C1X9,Q6GTX8,4
P0C219,Q14BN4,2
P0C548,Q96AD5,2
P0C588,Q6P4Q7,3
P0C5H6,Q9P2J2,3
P0C5X8,Q9H313,3
P0C6B1,Q96K37,1
P0C6B3,Q6ISU1,2
P0C6T3,Q8TB68,1
P0C7J6,Q9P244,2
P0C8N6,A6NFY4,1
P0CC10,Q9NT99,2
P0CD94,Q6UW78,1
P0CE46,Q8IWU4,2
P0CI71,Q5VV43,3
P0DMW1,P54652,1
P10247,P04233,4
P10252,P09326,3
P10499,Q09470,2
P10608,P07550,4
P10716,Q8N1N0,3
P10719,P06576,1
P11167,P11166,4
P11505,P20020,2
P11506,Q01814,3
P11507,P16615,1
P11598,P30101,1
P11654,Q8TEM1,1
P11661,P03915,1
P11685,P11686,1
P11762,P09382,1
P12336,P11168,3
P12346,P02787,1
P12371,P12319,4
P12389,Q15822,3
P12390,P17787,3
P12391,Q05901,4
P12392,P30926,3
P12526,P04201,3
P13265,P51654,1
P13386,Q01362,3
P13596,P13591,4
P13599,P55899,4
P13638,P14415,4
P13721,P15907,1
P14480,P02675,1
P14562,P11279,4
P14600,P25103,4
P14650,P07202,3
P14659,P54652,1
P14668,P08758,1
P14740,P27487,2
P14842,P28223,3
P14925,P19021,3
P15083,P01833,4
P15127,P06213,4
P15384,P22001,3
P15385,P22459,2
P15387,Q14721,3
P15389,Q14524,3
P15390,P35499,3
P15431,P18505,3
P15589,P08842,3
P15684,P15144,3
P15693,P05187,2
P15725,P43489,4
P15823,P35368,4
P15943,Q06481,2
P16036,Q00325,2
P16067,P20594,2
P16177,P29371,2
P16228,P14091,1
P16232,P28845,1
P16235,P22888,3
P16257,P30536,1
P16261,P16260,1
P16310,P10912,4
P16573,P13688,4
P16599,P01375,3
P16610,P21452,4
P16612,P15692,1
P16970,P28288,1
P16975,P09486,1
P17046,P13473,4
P17246,P01137,1
P17438,P23942,3
P17659,P17658,2
P17977,P08311,2
P18090,P08588,3
P18163,P33121,1
P18418,P27797,1
P18424,P04180,1
P18506,O14764,3
P18508,P18507,2
P18596,Q93084,1
P18598,P51164,3
P18614,P56199,3
P18901,P21728,2
P18910,P16066,2
P18916,P07510,2
P19020,P35462,3
P19024,P22460,2
P19218,P55259,2
P19327,P08908,3
P19328,P18089,2
P19357,P14672,3
P19377,P04234,3
P19488,P54855,1
P19490,P42261,4
P19491,P42262,3
P19492,P42263,4
P19493,P48058,3
P19637,P00750,1
P19643,P27338,1
P19969,P31644,3
P20037,P01909,4
P20096,P05112,1
P20236,P34903,3
P20272,P21554,4
P20291,P20292,2
P20395,P23945,3
P20411,P30273,2
P20417,P18031,1
P20420,P30532,4
P20607,P05231,1
P20611,P11117,2
P20781,P48167,3
P20786,P16234,4
P20788,P47985,1
P20789,P30989,3
P21396,P21397,1
P21451,P24530,4
P21463,P16473,3
P21555,P25929,4
P21581,P21583,4
P21588,P21589,4
P21707,P21579,2
P21932,O60266,4
P21994,P29033,3
P22002,Q13936,3
P22063,Q02246,2
P22072,P26439,1
P22086,P18825,2
P22273,P08887,4
P22462,Q96PR1,2
P22734,P21964,1
P22756,P39086,3
P22771,P23416,3
P22831,Q8TBG9,3
P22909,P08913,3
P22934,P19438,4
P23270,O95222,3
P23274,P30953,3
P23347,P04920,2
P23348,P48751,2
P23377,P09958,2
P23385,Q13255,3
P23562,P02730,4
P23574,Q8N1C3,3
P23576,P47869,3
P23739,P14410,1
P23749,Q96AM1,3
P23811,P47872,2
P23897,P25092,3
P23928,P02511,1
P23944,P35348,3
P23977,Q01959,2
P23978,P30531,3
P24008,P18405,1
P24053,P28336,3
P24062,P08069,4
P24338,P15514,3
P24389,P49895,1
P24392,P28328,1
P24485,P19397,4
P24524,O75311,3
P24942,P43003,3
P25023,P30411,3
P25094,Q01453,2
P25095,P30556,4
P25099,P30542,4
P25102,P25021,3
P25108,P02708,3
P25109,P11230,3
P25110,Q07001,3
P25115,P21918,2
P25122,P48547,2
P25235,P04844,2
P25236,P16109,4
P25286,Q93050,2
P25304,O00468,1
P25305,O75712,3
P25961,Q03431,3
P26051,P16070,4
P26255,P13945,3
P26260,P18827,4
P26342,Q03167,4
P26376,Q01628,3
P26431,P19634,3
P26433,P48764,4
P26434,Q6AI14,2
P26435,Q14973,3
P26453,P35613,4
P26644,P02749,1
P26684,P25101,3
P26769,Q08462,2
P26770,Q8NFM4,2
P26824,P25116,4
P26896,P14784,4
P26897,P01589,4
P27274,P13987,3
P27471,Q12918,4
P27590,P07911,1
P27615,Q14108,3
P27732,Q01668,2
P28232,O95377,3
P28234,P36382,3
P28471,P48169,3
P28473,Q99928,3
P28494,Q16706,1
P28564,P28222,3
P28565,P28221,2
P28570,P48029,3
P28572,P48067,3
P28576,P04085,1
P28646,P30872,3
P28648,P08962,4
P28826,Q16820,3
P29101,Q8N9I0,2
P29276,P29275,4
P29321,P29322,4
P29414,Q9Y6H8,3
P29534,P19320,4
P29598,P00749,1
P29676,P01588,1
P29826,P01920,4
P29975,P29972,4
P29994,Q14643,2
P29995,Q14571,1
P30082,P47871,2
P30083,P32241,4
P30121,P16035,1
P30191,Q16445,3
P30543,P29274,3
P30551,P32238,4
P30553,P32239,3
P30560,P37288,3
P30680,P30874,3
P30729,P21917,3
P30823,P30825,3
P30836,P14151,4
P30839,P51648,1
P30904,P14174,1
P30936,P32745,4
P30937,P31391,4
P30938,P35346,3
P30940,P30939,3
P30951,P47775,3
P30969,P30968,2
P30994,P41595,3
P31042,P10747,4
P31053,P11049,4
P31388,P50406,3
P31390,P35367,3
P31392,O15218,3
P31421,Q14416,3
P31422,Q14832,3
P31423,Q14833,3
P31424,P41594,3
P31430,P16444,1
P31596,P43004,2
P31643,P31641,3
P31646,Q9NSD5,3
P31647,P48066,3
P31652,P31645,3
P31662,Q9H1V8,3
P32198,P50416,1
P32214,P30988,2
P32215,P41586,3
P32244,P41968,3
P32301,P43220,3
P32305,P34969,3
P32736,Q14982,2
P32851,Q16623,3
P33124,Q9UKU0,3
P33533,P41143,2
P33535,P35372,3
P33671,O75056,3
P34058,P08238,1
P34080,P41181,4
P34158,P13569,2
P34900,P34741,4
P34901,P31431,3
P34975,P41145,3
P34978,P21731,4
P34980,P43115,3
P34997,P32302,4
P35000,P41587,3
P35053,P35052,1
P35233,P17706,1
P35234,P54829,1
P35345,P33032,3
P35349,O15303,3
P35351,P50052,4
P35353,P34998,3
P35364,P47898,3
P35370,P41146,2
P35400,Q14831,3
P35407,P25025,4
P35411,P49238,4
P35439,Q05586,3
P35524,P35523,1
P35525,P51788,1
P35559,P14735,1
P35560,P48048,2
P35563,P46098,3
P35565,P27824,1
P35739,P04629,4
P35895,Q8NG99,3
P35898,O76100,3
P35952,P01130,4
P36370,Q03518,1
P36380,Q9NTQ9,3
P36510,Q9Y4X1,1
P36940,P48023,4
P37089,P37088,3
P37090,P51168,4
P37091,P51170,4
P37136,P22303,2
P38438,P37173,4
P38444,P27037,4
P38445,Q13705,4
P38659,P13667,1
P40146,P40145,2
P40190,P40189,4
P40241,P21926,4
P40748,Q9BQG1,2
P41232,P41231,3
P41350,Q03135,1
P41413,Q92824,2
P41740,P17342,3
P42203,P35225,1
P42260,Q13002,3
P42264,Q13003,3
P42533,P13726,4
P42667,P67812,1
P42893,P42892,4
P43114,P35408,3
P43118,P43088,4
P43140,P35348,3
P43143,Q15825,2
P43144,Q9UGM1,3
P43219,P48546,3
P43253,P43119,3
P43303,P27930,4
P43322,Q02297,3
P43427,P22732,4
P45380,Q9H2B4,4
P46002,P25105,3
P46090,P46091,3
P46101,P42658,3
P47245,O43847,1
P47742,P28476,2
P47752,O95136,2
P47820,P12821,4
P47824,P51575,4
P47853,P21810,1
P47861,O00445,2
P47862,Q92482,3
P47863,P55087,3
P47864,P55064,4
P47866,Q13324,3
P47987,Q9Y342,2
P48056,P48065,3
P48284,P22748,3
P48303,P21453,4
P48442,P41180,4
P48548,P48544,2
P48550,P48051,2
P48763,Q9UBY0,3
P48768,Q9UPR5,2
P48973,P02778,1
P48974,P47901,3
P49001,P12643,1
P49134,P05556,4
P49218,P48039,2
P49287,P49286,3
P49301,Q8IUN9,3
P49430,P24557,1
P49616,Q03405,2
P49651,P47900,4
P49653,Q9UBL9,3
P49654,P56373,3
P49655,P78508,2
P49684,Q9UKP6,2
P49897,P55073,1
P49950,P10415,1
P50123,Q07075,3
P50170,O75452,1
P50232,Q9H2B2,1
P50279,P32856,2
P50297,P11245,1
P50430,P15848,1
P50572,P24046,2
P50573,A8MPY1,2
P51433,P39877,1
P51489,P08100,3
P51574,P46059,2
P51577,Q99571,4
P51578,Q93086,3
P51579,O15547,3
P51638,P56539,2
P51639,P04035,1
P51651,P46095,3
P51653,Q8N158,1
P51792,P51790,1
P51794,P51793,1
P51796,P51795,1
P51799,P51798,2
P51802,P51800,1
P51840,Q02846,2
P51842,P51841,2
P51869,P98187,1
P51871,Q08477,1
P51882,P06127,4
P51907,P43005,3
P52020,Q14534,2
P52188,Q14500,3
P52190,P48050,4
P52191,Q9NPI9,2
P52500,P30550,3
P52555,P30040,1
P52591,A8CG34,1
P52796,P98172,4
P53563,Q07817,1
P53790,P13866,3
P53792,P31639,3
P53817,P53816,2
P53987,P53985,3
P54282,O00555,1
P54290,P54289,1
P54708,P54707,1
P54757,P54756,3
P54758,Q9UF33,2
P54759,Q15375,3
P54825,P55344,4
P54848,P54849,3
P54900,O60939,3
P55016,Q13621,3
P55018,P55017,4
P55062,P55061,3
P55068,Q96GW7,1
P55146,Q06418,3
P55161,Q9Y2A7,1
P55260,P09525,1
P55280,P55285,4
P55281,Q12864,3
P55926,P78348,2
P56403,O14520,3
P56405,O94778,3
P56499,P55916,1
P56500,P55851,1
P56603,O15126,2
P56627,O43315,4
P56718,O43613,2
P56719,O43614,3
P56720,P36956,1
P56745,O95832,3
P56819,P56817,4
P57097,Q12866,3
P57756,O00602,1
P58195,O15162,2
P58200,Q9UEU0,2
P58295,Q9Y345,2
P58365,Q9H251,3
P58366,Q9HCJ1,3
P58428,Q9H221,2
P58821,Q9NYX4,3
P59035,Q9BY71,2
P59645,Q14802,2
P59647,Q96DB9,3
P59798,Q9Y6D0,1
P59824,Q9NZN1,4
P59926,Q9BQS2,1
P59996,Q8NBP7,1
P60203,P60201,4
P60570,Q96RD7,4
P60571,Q96RD6,3
P60572,Q96QZ0,2
P60756,Q7Z553,3
P60815,Q9UPI3,3
P60895,P60893,3
P60905,Q9H3Z4,1
P61131,Q11206,1
P61169,P14416,2
P61265,P61266,2
P61589,P61586,1
P61621,P61619,1
P61794,Q92633,4
P61805,P61803,2
P61808,O75324,1
P61943,Q9Y274,1
P62332,P62330,1
P62483,Q13303,1
P62494,P62491,1
P62747,P62745,1
P62813,P14867,3
P62950,P62952,2
P62957,P62955,2
P63025,Q15836,1
P63039,P10809,1
P63045,P63027,2
P63079,P28472,2
P63081,P27449,2
P63116,Q9NS82,3
P63138,P47870,3
P63142,P16389,2
P63161,Q9Y6J6,2
P63251,P48549,3
P63278,Q99217,1
P63322,P11233,1
P67999,P23443,1
P69478,Q9NPF2,1
P69526,Q7Z410,2
P70490,Q08431,1
P70492,O15520,1
P70500,O14735,2
P70536,P30559,3
P70539,Q8NER5,2
P70545,Q13183,3
P70549,P57103,3
P70551,Q92813,1
P70553,P49279,4
P70555,P49190,2
P70579,O00222,3
P70580,O00264,1
P70585,Q15760,2
P70596,P32245,2
P70597,P34995,2
P70605,Q9UGI6,3
P70606,Q92952,2
P70612,P25024,4
P70617,Q92982,3
P70619,P00390,1
P70628,Q9BZV3,3
P70673,Q14654,2
P70705,Q04656,1
P80201,Q04771,4
P80202,P36896,4
P80203,P37023,3
P80204,P36897,4
P80225,P15291,1
P80431,P24311,1
P80433,P10176,1
P81155,P45880,1
P82252,P82251,2
P83556,Q8N743,4
P83858,Q96P65,3
P84039,Q9UJA9,3
P84817,Q9Y3D6,1
P84889,Q9ULK5,2
P84903,Q13586,3
P85171,Q8NFP4,1
P86091,Q7RTY8,1
P97520,P21730,4
P97521,O43772,1
P97523,P08581,3
P97524,O14975,1
P97525,P28908,4
P97527,O94779,1
P97528,Q9UQ52,2
P97544,O14495,4
P97546,Q9Y639,3
P97553,P20827,2
P97557,Q6PIU1,2
P97564,Q9HCL2,1
P97583,P46663,4
P97603,Q92859,4
P97604,P40933,1
P97605,P52803,3
P97607,Q9Y219,3
P97610,Q8IV01,1
P97639,Q99705,3
P97675,O14638,2
P97677,O00548,4
P97678,Q16558,3
P97685,O94856,3
P97686,Q92823,3
P97687,P49961,4
P97689,Q13336,3
P97698,Q99835,4
P97700,Q02978,1
P97707,Q06432,3
P97708,P21754,3
P97710,P78324,4
P97776,Q9Y3Q7,3
P97779,O75330,2
P97829,Q08722,4
P97846,P78357,3
P97849,Q6PCB7,1
P97881,Q9H3R2,4
P97887,P49768,3
P97943,Q8WTV0,3
P98105,P16581,4
P98106,P16109,4
P98158,P98164,2
P98166,P98155,3
Q00238,P05362,4
Q00495,P07333,4
Q00657,Q6UVK1,3
Q00788,P30518,2
Q00910,Q92959,2
Q00954,Q07699,3
Q00959,Q12879,2
Q00960,Q13224,3
Q00961,Q14957,2
Q01177,P00747,1
Q01717,P34981,2
Q01728,P32418,2
Q01812,Q16099,3
Q01818,P54219,4
Q01827,Q05940,3
Q01956,Q14003,2
Q02294,Q00975,2
Q02353,P52848,1
Q02401,P09848,2
Q02445,P10646,2
Q02485,Q13698,1
Q02527,Q09327,1
Q02563,Q7L0J3,3
Q02644,Q02643,3
Q02734,Q11203,1
Q02955,P14778,4
Q03190,P35212,4
Q03343,O43306,3
Q03344,Q9UII2,1
Q03348,P18433,3
Q03351,Q16288,4
Q04400,O95622,3
Q04589,P11362,4
Q04679,P54710,3
Q05028,P01127,1
Q05030,P09619,4
Q05511,P05981,1
Q05546,Q92752,1
Q05695,P32004,4
Q05754,P09172,1
Q05941,P36544,3
Q05962,P12235,2
Q06000,P06858,2
Q06175,Q99075,4
Q06332,P01374,1
Q06393,P51801,2
Q06496,O00624,2
Q06645,P05496,1
Q06646,Q06055,1
Q06BI3,Q9BXU9,2
Q07008,P46531,3
Q07258,P10600,1
Q07303,P19235,4
Q07647,P11169,4
Q07652,Q15878,2
Q07782,Q9BZW2,2
Q07936,P07355,1
Q07969,P16671,4
Q07977,Q92186,1
Q07984,P51571,1
Q08201,P21439,4
Q08388,Q9UBM1,1
Q08406,P26992,1
Q08463,Q9UP38,3
Q08464,Q14332,4
Q08469,Q9H2J7,3
Q08755,O15503,2
Q08834,Q09328,1
Q08849,Q13277,3
Q08850,Q12846,3
Q08851,Q13190,1
Q09073,P05141,2
Q09325,P26572,1
Q09326,Q10469,1
Q09426,Q16880,2
Q09429,Q09428,3
Q09QM4,Q13304,2
Q0KL00,Q92508,3
Q0PMD2,Q9H6X2,4
Q0V8T6,Q8WYK1,3
Q0VGK4,Q8N9F7,2
Q0ZCA7,P0C7M8,1
Q0ZHH6,Q6DD88,2
Q10468,Q00973,1
Q10473,Q10472,1
Q10739,P50281,3
Q10743,O14672,4
Q10836,Q9UKU6,3
Q10980,P19526,1
Q10984,Q10981,1
Q11205,Q16842,1
Q1EHB3,Q9UKP4,1
Q1HAQ0,Q8NF37,2
Q1M168,Q86WG3,1
Q1WIM1,Q8NFZ8,3
Q1WIM2,Q8N3J6,3
Q1WIM3,Q8N126,3
Q2A865,Q695T7,3
Q2AC31,Q5NUL3,2
Q2IBC5,P51636,1
Q2IBD0,Q9NRC1,1
Q2LAM0,O00519,1
Q2LCV6,Q9NQ60,3
Q2M1K6,Q96H72,1
Q2MHH0,Q8IXB3,2
Q2PS20,Q9BR39,1
Q2TA63,Q9BVK8,2
Q2TA68,O60313,1
Q2TGI5,Q6UX98,1
Q2TGI8,Q8N966,2
Q2TGJ1,Q9NUE0,1
Q2TGJ4,Q96MV8,2
Q2THW7,Q9C0B5,3
Q2TL32,Q5T4S7,1
Q2VWP9,Q2VWP7,3
Q2WEA5,Q7Z4N2,2
Q2YDU8,Q9H2V7,2
Q32Q07,Q6UXK5,3
Q32ZG3,Q30KQ4,1
Q3B7D2,O15270,1
Q3B7D3,Q96GX1,2
Q3B7D8,Q9NUU6,1
Q3B7T6,O95476,1
Q3B7U9,Q14318,2
Q3B8P0,Q9H300,1
Q3B8P2,Q7L513,1
Q3B8Q3,Q8NBW4,2
Q3B8R1,Q5T6L9,2
Q3BCU4,Q8NE79,3
Q3KR51,Q9Y328,1
Q3KR56,Q96CP6,2
Q3KR82,Q9NUM3,3
Q3KR86,Q16891,1
Q3KR92,O60507,1
Q3KRC4,Q9NQ84,3
Q3KRC6,Q6NSJ5,2
Q3KRE0,Q9NVI7,1
Q3MHU5,Q8NC44,2
Q3SWT0,P16284,4
Q3T1H8,Q9BSE2,1
Q3T1I5,Q12772,1
Q3T1J2,Q6ZWT7,2
Q3T1L5,Q9Y672,1
Q3ZAV1,Q96S37,3
Q3ZU82,Q8TBA6,2
Q45R42,Q9HBW1,3
Q460M5,Q9ULH4,3
Q494T4,Q969K7,2
Q496Z2,Q7L0X0,2
Q497B2,Q96B21,2
Q497B3,Q53RY4,1
Q498C7,Q96QK8,2
Q498D5,Q96LZ7,1
Q498D6,P22455,3
Q498S8,Q9H461,3
Q498T9,Q8TDW0,2
Q498U3,Q8TBP6,1
Q499N4,Q96H96,2
Q499P3,Q96EU7,1
Q499P8,Q96GQ5,2
Q499S9,Q96CC6,2
Q499U8,Q5TGY1,2
Q4AEG6,O95393,1
Q4FZU9,Q9NQ40,3
Q4FZV2,O95562,2
Q4FZV7,Q71RG4,1
Q4FZX7,Q9Y5M8,1
Q4G019,Q969W0,2
Q4G068,Q96HP8,1
Q4G072,P43657,4
Q4JLT5,Q5PT55,3
Q4JM44,Q8NHU3,1
Q4KLH9,P46093,2
Q4KLL3,Q6ZSA7,2
Q4KLL4,Q92544,3
Q4KLY3,Q86XK7,3
Q4KLZ1,Q96B77,2
Q4KM64,Q8N5M9,1
Q4KM74,O75396,1
Q4KM77,O14681,1
Q4KM93,Q53S58,1
Q4KM98,Q9GZY8,2
Q4L208,Q9Y2E8,2
Q4QQS1,Q6ZMB5,2
Q4QQU5,Q96EC8,1
Q4QQV3,Q96A26,2
Q4QQV7,O95992,1
Q4QQW1,Q9H6H4,2
Q4QR83,Q9BX79,1
Q4TU93,Q9UBG0,4
Q4V7A5,Q96F05,3
Q4V7C8,Q53EZ4,1
Q4V7D3,Q8N5G2,1
Q4V7F2,Q96HD1,1
Q4V885,Q5KU26,2
Q4V887,Q13433,3
Q4V888,Q8N4L2,2
Q4V892,Q6IA17,3
Q4V897,Q9GZT6,2
Q4V899,Q9HC07,1
Q4V8A9,Q9H5K3,1
Q4V8B1,Q495N2,3
Q4V8D1,Q7Z449,1
Q4V8E0,Q96FV3,3
Q4V8E5,Q96ES6,1
Q4V8F3,Q8TEB9,2
Q4V8G5,Q8IYM1,1
Q4V8I1,Q9UNN8,4
Q4V8I7,Q8IWT6,3
Q4V8J4,Q53EU6,2
Q4V8K1,Q687X5,3
Q4V8K4,Q9BZJ4,1
Q4VHE7,P59533,3
Q4W8E7,Q9UKB5,3
Q501W4,Q7Z7D3,3
Q505J3,Q658N2,1
Q505J6,Q9H1K4,1
Q52KK3,Q9H1U9,1
Q53AQ4,Q9BVT8,2
Q561R8,Q5R3K3,1
Q562B5,Q96HS1,1
Q564G3,Q6QHC5,2
Q566D0,O75841,3
Q566E6,Q8TDQ1,4
Q566R2,Q9BX73,3
Q566R4,Q8N5H3,1
Q568Y3,Q96GF1,2
Q568Y5,A1L157,2
Q568Z4,P61009,1
Q569A2,O95859,2
Q569A3,Q6NUJ2,3
Q569A6,P24390,1
Q569C0,Q9NV29,2
Q56A20,Q96FE7,3
Q56UD9,P48145,3
Q58DZ9,Q9H7V2,2
Q5BIV7,Q5BIV9,1
Q5BJK8,O00461,1
Q5BJM8,Q8NEW0,2
Q5BJN9,Q9NS64,3
Q5BJP5,Q96A57,1
Q5BJS2,Q9Y693,1
Q5BJT4,Q96J42,3
Q5BJU5,Q6PI25,2
Q5BJW3,Q6UWH6,2
Q5BJW9,Q9H1X3,1
Q5BK09,Q6UX65,2
Q5BK13,Q8N511,2
Q5BK17,Q6PHW0,1
Q5BK26,Q6ZV29,1
Q5BK38,Q8N614,2
Q5BK39,Q6UWD8,2
Q5BK43,Q96J88,1
Q5BK49,P40200,4
Q5BK54,P18627,4
Q5BK65,Q86YC3,3
Q5BK75,Q7Z3Q1,3
Q5BK76,Q6ZMK1,1
Q5BK83,Q96A25,3
Q5BK85,Q13445,2
Q5BQE6,Q15392,1
Q5DRK1,Q5MY95,2
Q5DWV1,Q9HBT6,3
Q5DWV2,Q9ULB5,3
Q5EAJ6,Q70UQ0,1
Q5EB62,Q96AG3,1
Q5EB63,Q5HYL7,2
Q5EB73,Q9BRR3,1
Q5EB76,Q8NHE4,2
Q5EB81,Q9UHQ9,1
Q5EBA8,Q96NT5,3
Q5EGZ1,Q9BYF1,4
Q5F2L1,Q6P4F1,1
Q5FB95,Q9HAT1,1
Q5FVF4,Q9NS93,4
Q5FVG1,Q5UAW9,3
Q5FVG8,Q96HH9,1
Q5FVH2,Q8IV08,2
Q5FVJ3,Q8NBV4,1
Q5FVJ4,Q8NC24,1
Q5FVL3,Q5VUD6,1
Q5FVL6,O95857,3
Q5FVM1,Q9H6L2,2
Q5FVM3,Q9H6L5,2
Q5FVM5,Q68CJ9,1
Q5FVM7,Q9Y2G8,1
Q5FVN0,Q6P1A2,2
Q5FVN1,O95210,1
Q5FVN2,Q5BJD5,1
Q5FVP8,Q96PD7,1
Q5FVQ0,Q9C0K1,2
Q5FVQ4,Q14165,2
Q5FVQ5,Q8IWV1,3
Q5FVQ7,Q8TBP5,2
Q5FVR1,Q9NPG8,2
Q5FVR3,Q8IX05,4
Q5FWS4,Q8N5C1,3
Q5FWU3,Q7Z3C6,3
Q5GF25,Q5SRI9,1
Q5GH56,Q5GH72,1
Q5GH57,Q5GH73,2
Q5GH59,Q5GH76,2
Q5GH60,Q6PP77,1
Q5GH61,P51811,2
Q5HZA9,Q9H061,1
Q5HZB0,Q8N131,4
Q5HZE2,Q9BXJ8,2
Q5HZE5,Q86X19,1
Q5HZE8,Q9UK28,2
Q5HZW3,Q6ICH7,1
Q5HZW5,Q9NPF0,4
Q5HZW7,Q6UQ28,2
Q5I0C4,Q9BUJ0,1
Q5I0E7,Q9BVK6,1
Q5I0E9,Q96FL8,3
Q5I0H4,Q9UM00,2
Q5I0I2,Q9P0N8,2
Q5I0I8,Q9BVI4,1
Q5KR61,Q9NUD9,1
Q5M7A3,Q8TBE7,2
Q5M7A4,Q9GZZ9,1
Q5M7T4,Q9BSR8,1
Q5M7U7,A8MXK1,2
Q5M7V1,O60858,2
Q5M7W4,Q6UXY8,2
Q5M7W6,Q9H0X4,1
Q5M807,Q99942,1
Q5M826,Q9NV12,2
Q5M828,Q96IZ2,1
Q5M836,Q7Z3D4,3
Q5M843,Q6PK18,1
Q5M848,Q96D31,2
Q5M854,Q9UM21,1
Q5M869,Q9Y3P8,3
Q5M871,O60667,3
Q5M872,Q9H4A9,1
Q5M880,Q8N2U9,2
Q5M883,O15247,1
Q5M962,Q9BSN7,3
Q5NDF0,Q8NAT1,1
Q5PPI4,Q9UJQ1,3
Q5PPI7,Q8TAF8,3
Q5PPK1,O95415,2
Q5PPL3,Q15738,2
Q5PPM7,Q03395,1
Q5PPM8,Q86T03,2
Q5PPN7,Q96ER9,2
Q5PPP4,Q9H213,1
Q5PQL3,Q8TCT7,2
Q5PQL5,P48651,2
Q5PQL7,Q9NQX7,3
Q5PQM0,Q9H0V1,1
Q5PQN2,Q9NZS9,2
Q5PQP2,O00559,1
Q5PQQ4,Q92535,1
Q5PQQ5,Q2VYF4,1
Q5PQS5,Q96J86,2
Q5PQV5,Q13641,3
Q5PQX0,Q8NBZ7,1
Q5PQX1,Q5JTV8,1
Q5PR00,Q8N4W6,2
Q5PT50,Q0GE19,1
Q5PT56,Q96EP9,3
Q5QD23,O14804,2
Q5QD25,Q9P1P5,2
Q5QT56,Q8N6F1,2
Q5RJK0,Q9BVX2,1
Q5RJL2,Q86XA0,1
Q5RJM1,Q9H8P0,2
Q5RJQ0,O43916,1
Q5RJQ8,Q9HA72,2
Q5RJR8,Q96AG4,2
Q5RJS6,Q9UJG1,2
Q5RJS8,O60704,1
Q5RJY4,Q6IAN0,1
Q5RK23,Q96SE0,3
Q5RK27,Q9Y666,2
Q5RKH7,Q8N357,2
Q5RKI7,Q8TCU3,2
Q5RKJ2,Q53TN4,2
Q5RKL5,Q658P3,2
Q5RKL7,Q6ICL7,1
Q5RLM2,Q9Y694,2
Q5U1V9,Q12999,3
Q5U1W4,Q86VI4,2
Q5U1X7,Q9BRY0,2
Q5U1Y0,Q8IY95,1
Q5U220,Q8TBM7,2
Q5U2N3,O00562,1
Q5U2P1,Q9H8M5,2
Q5U2P2,Q5DX21,3
Q5U2P6,Q8IYJ0,1
Q5U2Q4,Q8N5Y8,1
Q5U2S1,Q9BT67,2
Q5U2T1,Q96CP7,2
Q5U2V5,Q9UJA2,1
Q5U2V8,Q9P0I2,2
Q5U2V9,Q9NV64,1
Q5U2W7,Q8NBI2,1
Q5U2X4,Q9H4B8,1
Q5U2X6,Q96A33,1
Q5U2X7,Q9BVV7,2
Q5U305,P33947,1
Q5U308,Q7L1W4,3
Q5U3Y5,Q8WV19,2
Q5U3Y9,A2RU14,1
Q5U4F4,Q86UB9,2
Q5UEM7,Q8TEY5,1
Q5VJ70,Q9NSI5,1
Q5XFV8,Q96I36,1
Q5XI00,Q8WWU5,1
Q5XI31,Q96S52,1
Q5XI41,Q15629,1
Q5XI43,Q9BRK3,3
Q5XI52,Q9HBM0,1
Q5XI60,Q96HR9,2
Q5XI64,Q9BV23,1
Q5XI83,Q7Z3J2,1
Q5XI99,Q9UQV4,3
Q5XIA1,Q969V3,1
Q5XIA8,Q9H3K2,2
Q5XID0,Q969M3,1
Q5XID7,Q9UH62,2
Q5XIE5,Q86UD3,2
Q5XIE8,Q9Y287,3
Q5XIF1,P57738,3
Q5XIF5,O15121,2
Q5XIF9,Q6PIV7,1
Q5XIH2,Q8N114,1
Q5XII8,Q9BWL3,1
Q5XIJ4,Q96ND0,2
Q5XIK2,Q9Y320,1
Q5XIL0,Q9H6Y7,3
Q5XIN6,O95202,2
Q5XIN7,Q8WZA1,1
Q5XIP9,Q9BTV4,2
Q5XIT3,Q9BWQ6,2
Q5XIU9,O15173,2
Q5XIX0,Q6Y2X3,2
Q5Y4N8,Q14246,4
Q5YLM1,Q9Y4D2,3
Q60GF7,Q8TBF5,2
Q61453,Q16552,1
Q62611,Q01638,4
Q62633,Q12908,3
Q62634,Q9P2U7,3
Q62638,Q92896,1
Q62645,O15399,2
Q62656,P23471,3
Q62666,Q16572,1
Q62668,Q15849,2
Q62674,O00337,4
Q62682,Q9P232,1
Q62687,Q96N87,3
Q62718,Q9P121,2
Q62720,Q9Y6M5,3
Q62730,P37059,1
Q62745,P60033,3
Q62746,Q5T7P8,1
Q62758,Q13639,3
Q62760,Q15388,1
Q62765,Q8N2Q7,3
Q62773,O43868,4
Q62784,Q96PE3,1
Q62786,Q9P2B2,4
Q62795,Q14916,3
Q62799,P21860,4
Q62805,P47211,3
Q62812,P35579,1
Q62813,Q13449,3
Q62838,O15146,3
Q62845,Q8IWV2,1
Q62849,Q16549,1
Q62865,Q14432,3
Q62866,P41440,4
Q62876,O43759,1
Q62878,P26439,1
Q62888,Q8NFZ4,3
Q62889,Q9NZ94,3
Q62893,Q16671,2
Q62896,O15155,1
Q62897,Q9UK17,2
Q62902,P49257,1
Q62904,P56937,1
Q62927,P29973,2
Q62928,P43116,3
Q62929,Q9HB29,3
Q62930,P02748,1
Q62931,O95249,1
Q62935,P04275,1
Q62941,Q9BRI3,1
Q62953,Q13585,3
Q62956,Q15303,3
Q62959,P48357,4
Q62962,Q16515,1
Q62968,Q9Y5Y9,3
Q62976,Q12791,2
Q62994,P22083,1
Q62997,P56159,1
Q63008,Q92911,3
Q63016,Q01650,4
Q63072,Q10588,2
Q63085,Q13370,1
Q63089,O15245,3
Q63099,Q92953,2
Q63113,P59646,2
Q63118,Q16602,2
Q63120,Q92887,3
Q63132,P08922,3
Q63149,P55283,4
Q63151,O95573,1
Q63155,P43146,4
Q63175,Q86VE9,3
Q63180,Q9H2U9,3
Q63190,P50402,1
Q63191,Q6UXC1,3
Q63198,Q12860,1
Q63199,P25445,3
Q63202,Q99965,3
Q63203,P31994,4
Q63207,P00742,1
Q63226,O43424,3
Q63257,P24394,3
Q63258,Q13683,4
Q63259,Q16849,4
Q63269,Q14573,1
Q63273,Q16478,3
Q63313,P18428,1
Q63315,Q9UJ99,3
Q63344,O60669,3
Q63345,Q16653,3
Q63371,Q15077,4
Q63377,P54709,4
Q63384,O95665,3
Q63400,O15551,3
Q63415,P29122,1
Q63424,Q16348,3
Q63433,Q16512,1
Q63472,O95259,1
Q63474,Q08345,4
Q63475,Q92932,2
Q63488,Q08357,3
Q63493,P15813,4
Q63495,Q15109,4
Q63511,Q92806,2
Q63524,Q15363,1
Q63563,O60706,3
Q63564,Q7L1I2,2
Q63584,P49755,3
Q63604,Q16620,4
Q63621,Q9NPH3,4
Q63632,Q9UP95,2
Q63633,Q9H2X9,2
Q63634,Q15761,2
Q63635,O43752,3
Q63645,P55085,4
Q63648,P35240,1
Q63652,P03999,3
Q63664,Q15842,2
Q63673,Q15465,1
Q63690,Q07812,2
Q63691,P08571,3
Q63707,Q02127,1
Q63722,P78504,4
Q63734,Q03721,2
Q63769,P78539,1
Q63881,Q9NZV8,2
Q63921,P00395,1
Q63965,Q9H9B4,1
Q64017,Q14439,2
Q64093,Q9Y3P8,3
Q64121,P49683,2
Q64159,P09693,4
Q641Y1,O14569,2
Q64230,Q16819,3
Q64232,Q9NZ01,2
Q64240,P02760,1
Q64244,P28907,3
Q64273,P63252,2
Q64294,Q86YL7,2
Q642A2,Q6RW13,2
Q642A7,Q8WW52,1
Q642B3,Q9Y3P4,2
Q64319,Q07837,3
Q64335,Q96E93,4
Q64349,P21145,2
Q64359,Q8IV77,1
Q64535,P35670,1
Q64541,Q13733,3
Q64542,P23634,3
Q64566,P98194,2
Q64568,Q16720,3
Q64604,P10586,3
Q64605,Q13332,3
Q64632,P16144,3
Q64634,O60656,1
Q64654,Q16850,2
Q64686,Q8NDV1,1
Q64716,P14616,3
Q65Z14,Q99650,3
Q66H15,Q96TC7,1
Q66H21,Q8WUD6,3
Q66H28,Q9H813,2
Q66H29,Q9UJ42,2
Q66H42,Q8N2G4,1
Q66H44,Q9GZU3,1
Q66H50,Q8WVX9,2
Q66H52,Q6GPH6,1
Q66H69,Q8NFL0,1
Q66H78,Q8TE99,1
Q66H88,Q8IY26,2
Q66H95,Q96SL1,2
Q66H96,Q86V35,2
Q66HA2,Q96BA8,1
Q66HE2,Q7RTY0,2
Q66HF2,O15321,3
Q66HG5,Q99805,3
Q66HG9,Q7Z434,2
Q66HH1,O60513,1
Q66HH2,P54851,3
Q66HH4,Q9BSE4,2
Q66HR0,Q9BXP2,3
Q672K1,Q9HBY0,2
Q675B7,P59538,2
Q67EQ0,Q9UMR7,3
Q67EQ1,Q9ULY5,2
Q67ER9,P59534,3
Q67ES0,Q9NYV8,3
Q67ES2,P59551,1
Q67ET0,Q9NYW5,2
Q67ET2,P59535,2
Q67ET3,P59540,3
Q67ET7,Q9NYW6,2
Q68FQ2,Q9BX67,4
Q68FR5,Q96SK2,2
Q68FS7,Q8IXX5,2
Q68FT6,Q9H310,2
Q68FU0,Q8WUU8,2
Q68FV0,Q8NBL3,3
Q68FV1,Q9NVV0,1
Q68FV2,Q8N6S5,2
Q68FV3,Q495W5,1
Q68FV4,Q0P670,2
Q68FV6,Q8WWB7,3
Q68FW3,Q8TDW4,2
Q68FW4,Q9P2W9,1
Q68G12,Q9UNP4,2
Q68VK5,P62079,3
Q695P6,Q9P296,4
Q69FB3,Q96JJ6,1
Q69FH1,Q8WXI8,2
Q6AXM5,Q9Y6K0,1
Q6AXN4,Q9BTX1,2
Q6AXP6,Q96P56,1
Q6AXR8,Q9BRQ5,3
Q6AXS0,Q6J4K2,3
Q6AXS2,Q8N6L7,2
Q6AXS4,O75787,2
Q6AXT5,Q9UL25,1
Q6AXT9,Q2M2E3,2
Q6AXU5,Q9H2A7,4
Q6AXU9,P51679,4
Q6AXW8,Q6P7N7,1
Q6AXY3,Q8N6K0,2
Q6AY01,Q8WVZ7,2
Q6AY05,Q9BSA9,1
Q6AY06,Q8IYV9,3
Q6AY19,Q96D53,1
Q6AY20,P20645,3
Q6AY25,Q9Y3Q3,2
Q6AY30,Q8NBX0,1
Q6AY39,O75752,1
Q6AY41,Q9NV96,3
Q6AY47,Q9BVA6,1
Q6AY55,Q8WVC6,1
Q6AY76,Q9NWD8,1
Q6AY78,Q96BI1,1
Q6AY82,Q9ULC0,4
Q6AY85,Q96F25,1
Q6AY92,Q8N4M1,2
Q6AY94,Q9NPL8,1
Q6AYA5,Q9NUM4,3
Q6AYA6,Q9BQA9,1
Q6AYD4,Q96AP7,4
Q6AYF4,P18564,3
Q6AYF6,Q68CQ7,1
Q6AYF7,P55082,2
Q6AYG0,Q96FB5,1
Q6AYH6,Q5UCC4,1
Q6AYK2,Q6NYC1,1
Q6AYL2,Q2KHT4,2
Q6AYM9,Q9UBY8,1
Q6AYN2,Q96BY9,2
Q6AYP2,O75121,2
Q6AYP5,Q9BY67,3
Q6AYQ4,Q9BVC6,2
Q6AYR5,Q8NCR9,2
Q6AYR9,O60635,4
Q6AYS5,Q9Y2Y6,1
Q6AYT7,Q8N2K0,3
Q6AYT8,O95297,3
Q6AYY8,O00400,2
Q6AZ51,Q8NFR9,3
Q6AZ61,Q9NUN5,3
Q6AZ83,Q9BUM1,1
Q6B959,Q96LR9,1
Q6DGF5,Q96GR4,2
Q6DGF9,Q8NC06,1
Q6EV76,Q9BYC5,1
Q6GUG4,Q9BPV8,4
Q6GV27,Q6GV28,3
Q6GX83,Q4G148,1
Q6IE08,Q6P531,1
Q6IE62,Q7RTY3,1
Q6IE75,Q9Y5Z0,3
Q6IFT6,Q6IWH7,3
Q6IG00,P19013,1
Q6IMY8,Q00839,1
Q6IUU3,O00391,3
Q6IYF9,Q9BXA5,3
Q6J1Y9,O94966,2
Q6J329,Q6Q0C1,1
Q6JAM9,Q53FP2,2
Q6JWR2,Q9NVC3,1
Q6K0P5,Q8WVE6,3
Q6MG14,Q8IXM6,1
Q6MG22,Q3MIW9,3
Q6MG55,O95870,2
Q6MG56,Q5SQ64,3
Q6MG58,O95868,1
Q6MG59,O95866,3
Q6MG61,O00299,1
Q6MG71,Q53GD3,3
Q6MG97,Q9UIR0,2
Q6P501,Q15012,2
Q6P5P5,Q5EB52,1
Q6P689,Q5T9L3,1
Q6P6G2,Q6UWU4,2
Q6P6G5,Q9Y548,2
Q6P6R0,Q7Z429,2
Q6P6S2,Q8N1S5,2
Q6P6T4,O95834,1
Q6P6T5,Q16625,2
Q6P6V1,Q8NCW6,1
Q6P6V6,Q9NPR9,2
Q6P726,Q96HH6,1
Q6P742,Q04941,1
Q6P767,P53801,2
Q6P768,O60512,1
Q6P7A1,Q8N3Y3,1
Q6P7B2,Q9BV87,1
Q6P7B4,Q6UWH4,1
Q6P7B7,Q5T4F4,3
Q6P7C4,Q2I0M4,2
Q6P7C7,Q14956,3
Q6P7D4,Q6UW02,1
Q6P7R8,Q53GQ0,1
Q6P9X9,Q6UWI2,3
Q6P9Z6,P09758,3
Q6PDU4,O95214,3
Q6PEC3,Q5BJH7,1
Q6PNM1,Q7Z6A9,4
Q6PST4,Q8WXF7,1
Q6Q0N0,O94985,3
Q6Q1P3,Q7Z418,3
Q6Q3F5,Q9NXL6,2
Q6Q629,Q8N608,3
Q6Q760,Q8IZF0,2
Q6QBQ4,Q9NRY6,1
Q6QDP7,Q70SY1,1
Q6QI25,Q8N138,2
Q6QI68,Q9NZ42,2
Q6QIX3,Q99726,2
Q6R6I6,Q9HBX9,2
Q6RI86,O75762,2
Q6RI88,Q9BY07,3
Q6RVG2,Q2Y0W8,2
Q6T3U3,Q9UHC9,2
Q6TEK3,Q8N0U8,1
Q6TUD4,Q9GZM5,2
Q6TXF5,Q68CR7,2
Q6UE39,Q8IUC8,1
Q6UK00,Q96B96,2
Q6UPR8,Q7Z2K6,2
Q6UVM4,Q6UVM3,1
Q6V7K3,P78383,1
Q6VBQ5,Q96S97,4
Q6W3B0,Q86SJ6,2
Q6W5G4,Q96GM1,1
Q6WAY2,Q8TBJ4,1
Q6WWW3,P11245,1
Q6X936,Q96J84,3
Q6X9T7,O43914,3
Q6X9T8,Q9UBK5,3
Q6XFR6,P04921,4
Q6XKD3,Q9Y5Y4,4
Q6XQG8,Q9NS84,1
Q6Y1R5,Q96P68,3
Q6Y290,Q86XS8,3
Q6Y306,Q96J65,1
Q6YAT4,O43556,3
Q701R3,Q96JF0,1
Q70EX6,Q3KNW5,3
Q70VB1,Q5T6X5,4
Q710E6,Q9UBS9,1
Q719N3,Q15546,3
Q71MB6,Q6ZQN7,4
Q71RJ2,Q9Y698,3
Q71S46,P48201,1
Q75Q39,O94826,1
Q75Q41,Q9NS69,1
Q761X5,O95185,3
Q765A7,Q75T13,3
Q767I8,Q9UN74,2
Q76EI6,O15552,4
Q76HP2,Q14C87,3
Q76IC6,Q8IYP9,1
Q76K24,Q86W74,2
Q76LT8,Q86UV5,1
Q78EA7,P36894,4
Q791F6,Q86W33,3
Q792S6,Q9UMX3,1
Q794C0,O15342,2
Q794F9,P08195,4
Q7M730,Q8IWT1,3
Q7M734,Q7RTM1,2
Q7TMB0,Q6T4P5,2
Q7TMB7,Q7Z2D5,2
Q7TMP6,Q5JRV8,2
Q7TN39,Q86SM5,2
Q7TN40,Q86SM8,2
Q7TN41,Q8TDS7,3
Q7TN49,Q96LB0,3
Q7TNJ2,Q8IZY2,4
Q7TNJ4,Q86SJ2,3
Q7TNK0,Q9NRX5,3
Q7TNK7,Q02094,3
Q7TNN9,Q9UBD6,3
Q7TP48,Q9HDC9,2
Q7TP65,Q86XL3,1
Q7TPB4,Q5ZPR3,4
Q7TPF1,Q0VAQ4,1
Q7TPJ0,P43307,2
Q7TQ79,Q5T4T1,1
Q7TQM3,Q8N441,3
Q7TQM4,O75908,1
Q7TQN7,Q8IZ08,2
Q7TQN8,Q8TDV5,3
Q7TSA0,Q8IXI1,2
Q7TSF2,Q8NDX2,3
Q7TSN5,Q8TDV0,3
Q7TSY2,Q7Z7J7,3
Q7TT47,Q9UQ90,1
Q80T02,Q8TDU6,4
Q80T22,Q5TF39,3
Q80UA9,Q9Y5U4,2
Q80W57,Q9UNQ0,4
Q80W66,Q9Y278,1
Q80W87,Q8WZ75,1
Q80W89,Q86Y39,1
Q80WD0,Q86UN2,2
Q80WD1,Q86UN3,2
Q80WE5,Q86WI0,3
Q80WF4,Q24JP5,3
Q80WK7,Q9BZD2,2
Q80WL1,Q6ZMI3,2
Q80WY6,P20333,4
Q80XF7,Q5T442,3
Q80YN4,Q9Y5Q5,3
Q80Z39,Q8TDS4,4
Q80Z70,Q9UBV2,2
Q80ZA5,Q6U841,3
Q80ZD5,Q86WK7,2
Q80ZD7,Q86WK6,3
Q80ZF7,Q8IZV5,2
Q810F5,Q9NVA4,2
Q810Y4,Q86Y22,1
Q811Q0,Q9Y691,2
Q811Q2,Q96NY7,1
Q812E9,P51674,3
Q8CF82,Q8WWZ7,2
Q8CFC4,P16442,1
Q8CFD9,O14931,3
Q8CFG5,Q8IZS8,1
Q8CFM6,Q8WWQ8,4
Q8CG09,P33527,4
Q8CGL2,Q9GZY6,1
Q8CGU6,Q92542,3
Q8CH34,Q12836,3
Q8CH87,O95395,1
Q8CHI9,Q7LFX5,3
Q8CHL0,Q13467,3
Q8CHM1,Q8NBQ7,2
Q8CHN6,O95470,1
Q8CIY2,Q9NRD9,2
Q8CJ11,Q8IZP9,3
Q8CJ44,Q86YT5,2
Q8CJ52,Q8N271,4
Q8CJ58,P58418,3
Q8CJI3,A0AV02,3
Q8JZQ0,P09603,3
Q8K1G0,Q9H6B4,4
Q8K1P8,P36021,2
Q8K1P9,Q9Y5Q0,2
Q8K1Q3,P46089,3
Q8K3K1,O75445,3
Q8K3P6,Q6KCM7,1
Q8K3T4,O14842,2
Q8K3V3,Q9Y653,4
Q8K3V5,Q8NAU1,3
Q8K3Y7,O95150,2
Q8K415,Q495M3,3
Q8K418,P32247,3
Q8K451,Q8NFN8,3
Q8K4B7,P31512,1
Q8K4C8,O00144,4
Q8K4D6,Q8N118,1
Q8K4G9,Q9NP85,1
Q8K4Q9,P48165,2
Q8K4R8,Q8N130,3
Q8K4S3,Q9Y2W3,1
Q8K4V2,Q96Q91,2
Q8K4Y7,Q8WVQ1,1
Q8K593,O43688,2
Q8K5E0,Q9UBY5,2
Q8N7M5,Q6ZVN8,3
Q8R2H3,Q8WZ55,2
Q8R415,Q8NFJ6,4
Q8R416,Q8TCW9,4
Q8R424,O95630,1
Q8R455,Q7Z2W7,2
Q8R456,Q9UHM6,2
Q8R4C0,O15484,1
Q8R4C1,O75185,2
Q8R4E1,Q8TB96,4
Q8R4G1,Q96LA9,3
Q8R4S8,Q9HC73,4
Q8R4Z9,Q8IWA4,1
Q8R500,O95140,1
Q8R508,Q8TDW7,2
Q8R523,Q8TAE7,2
Q8R553,Q9BQT9,3
Q8R5I0,Q9H427,2
Q8R5M3,Q8TF66,3
Q8R5M5,Q8TDX5,1
Q8VDA1,Q9H4D0,3
Q8VH49,Q9Y241,2
Q8VHI8,Q12981,2
Q8VHJ4,O60235,2
Q8VHK6,Q14627,4
Q8VHN2,O60391,3
Q8VHV8,Q9BQE4,1
Q8VHW1,Q8WXS4,3
Q8VHW5,Q8WXS5,3
Q8VHW7,Q9BXT2,3
Q8VHW8,Q9UF02,3
Q8VHW9,Q9UBN1,3
Q8VHX0,O60359,3
Q8VHZ8,O60469,3
Q8VI60,Q8IWU6,1
Q8VIH3,Q9HAS3,4
Q8VII6,Q8WWI5,4
Q91XN4,Q13145,4
Q91XT9,Q9NR71,1
Q91XU7,Q96JP9,2
Q91XV6,Q9H0Q3,2
Q91XV7,Q8WZ71,2
Q91Y55,Q9Y5I7,3
Q91Y77,Q8TF71,2
Q91Y81,Q15019,1
Q91Z79,O75145,1
Q91ZF1,Q99712,2
Q91ZQ0,Q96GC9,1
Q91ZT1,P35916,4
Q91ZV2,Q96PD2,3
Q91ZY1,Q9H3N8,3
Q920B6,O95069,2
Q920E0,Q96RI0,4
Q920E1,O00254,4
Q920H8,Q9BQS7,3
Q920L6,Q9H5J4,1
Q920L7,Q9NYP7,2
Q920P6,P00813,1
Q920R3,O60427,2
Q921A2,Q96QE2,3
Q923G5,Q9NXF8,2
Q923K1,Q7RTX0,3
Q923S2,Q13113,2
Q923U9,Q9NP59,4
Q923Y5,Q96RI8,2
Q923Y6,Q96RI9,3
Q923Y9,Q96RJ0,3
Q924A5,Q7Z2H8,2
Q924B5,Q9BY14,1
Q924C3,P22413,2
Q924C9,P40879,3
Q924P2,Q9P0S9,2
Q924S1,Q9NRZ5,2
Q924S4,Q96MU8,4
Q924T4,Q8NES3,1
Q924T8,Q9Y271,3
Q924T9,Q9NS75,3
Q924U0,Q9NPC1,3
Q924U1,Q969F8,2
Q924V1,Q9NPH5,3
Q924V4,Q8IY34,3
Q924Y8,Q86SP6,3
Q925B3,Q96QT4,2
Q925B4,Q8NBV8,2
Q925B5,Q7L8C5,1
Q925C0,O00445,2
Q925D4,Q3YBM2,2
Q925N6,Q8N6C5,4
Q925R7,Q86SR1,1
Q925S8,Q96TA2,1
Q925U2,Q16873,3
Q99068,P30533,1
Q99376,P02786,3
Q99J86,O75882,4
Q99JB3,Q9Y231,1
Q99M66,Q9HD36,1
Q99M75,Q9BZR6,2
Q99MA2,O43895,1
Q99MF4,Q14626,4
Q99MZ4,Q9UJ14,3
Q99N01,Q96BD0,3
Q99N02,Q9UIG8,3
Q99NB2,Q9BYG0,1
Q99P55,Q9BX95,2
Q99P82,O75508,3
Q99PE7,Q9H222,3
Q99PR0,Q9Y6A1,1
Q99PW6,Q9Y5R2,2
Q9EP86,Q9GZQ6,3
Q9EPF2,P43121,4
Q9EPH0,P58743,3
Q9EPI0,Q9H1B5,1
Q9EPI2,Q9GZZ7,1
Q9EPI9,Q8NCM2,2
Q9EPQ0,Q9HC58,2
Q9EPT8,Q9NZA1,1
Q9EPX4,Q9H244,4
Q9EPZ7,Q9NYB5,3
Q9EPZ8,O00237,1
Q9EQ25,Q969I6,2
Q9EQ60,O95180,2
Q9EQD2,Q9Y5X5,3
Q9EQG6,Q9ULH0,2
Q9EQL5,P48230,3
Q9EQS5,O75845,1
Q9EQX6,Q9NRA1,1
Q9EQY6,Q9H3S5,1
Q9ER26,Q9ULS6,2
Q9ER31,O75354,1
Q9ERA7,Q13421,2
Q9ERC5,Q9HC10,2
Q9ERQ6,O95196,3
Q9ERS0,Q9HB14,2
Q9ERS1,Q9HB15,2
Q9ERZ8,Q9HBA0,3
Q9ES08,Q9NPC2,2
Q9ES14,P78334,3
Q9ES21,Q9NTJ5,2
Q9ES39,Q9NXR1,1
Q9ES40,O75915,1
Q9ES45,Q9NRD8,3
Q9ES58,Q8TD46,3
Q9ES87,Q16651,2
Q9ESC1,Q9HBW9,1
Q9ESC2,Q9H2S6,2
Q9ESE2,O14788,4
Q9ESG3,Q9HBJ8,3
Q9ESK8,Q86W47,3
Q9ESP4,Q9GZN0,2
Q9ESQ4,Q9GZQ4,3
Q9ESQ5,Q8TD43,2
Q9ESR9,Q9BZC7,2
Q9ESS6,P50895,3
Q9ESY6,Q9H3W5,3
Q9ET09,Q9HD23,2
Q9ET20,Q969E2,2
Q9ET32,P16442,1
Q9ET61,Q9NPY3,4
Q9ET62,Q17R60,1
Q9ET64,O60906,1
Q9JHE5,Q96QD8,3
Q9JHE8,Q9NZG7,3
Q9JHG3,P35414,3
Q9JHI3,O94956,2
Q9JHJ1,O60895,3
Q9JHL3,O95672,2
Q9JHS6,Q96FT7,2
Q9JHW1,O75976,3
Q9JHW5,P51809,1
Q9JHY1,Q9Y624,4
Q9JHY2,Q9BWM7,1
Q9JHZ9,Q99624,2
Q9JI12,Q9P2U8,3
Q9JI51,Q96AJ9,2
Q9JI61,O95237,1
Q9JI66,Q9Y6R1,3
Q9JI92,O00560,1
Q9JI93,Q9NPC4,1
Q9JII9,P49682,4
Q9JIK1,Q9HBB8,2
Q9JIP0,Q9NQA5,4
Q9JIS4,P57789,2
Q9JJ05,Q9NS00,1
Q9JJ09,O95436,3
Q9JJ16,O95264,3
Q9JJ22,Q9NZ08,1
Q9JJ46,Q15125,3
Q9JJ73,O60896,3
Q9JJ74,O60894,2
Q9JJH2,Q9NS66,3
Q9JJH3,Q9NS67,2
Q9JJI5,Q9HB89,4
Q9JJK4,P56589,1
Q9JJM7,P13224,4
Q9JJP0,Q8WUM9,2
Q9JJV7,Q9Y6H6,3
Q9JJW1,O60636,3
Q9JJW3,Q96IX5,1
Q9JJZ1,Q9NY64,4
Q9JK00,Q9NY72,3
Q9JK11,Q9NQC3,1
Q9JK41,O15431,4
Q9JK79,Q9UBR5,2
Q9JK96,P56696,2
Q9JKA7,Q9Y3Q4,2
Q9JKA8,Q9P1Z3,2
Q9JKA9,Q9UL51,2
Q9JKB0,O60741,2
Q9JKD6,O00501,2
Q9JKE3,Q8TAC9,2
Q9JKE7,P59536,1
Q9JKE9,Q9NYW3,3
Q9JKM5,Q02297,3
Q9JKR5,Q9UIJ5,1
Q9JKT7,Q9NYV9,2
Q9JKT8,Q9NYW0,2
Q9JKU0,Q9NYV7,3
Q9JKU1,Q9NYW7,3
Q9JKW1,Q9Y584,1
Q9JL55,Q9NZC3,1
Q9JLB5,Q9GZZ6,2
Q9JLM2,Q9BZW8,3
Q9JLS4,Q6FHJ7,1
Q9JLS8,P48357,4
Q9JLT0,P35580,1
Q9JM15,Q9H2H9,4
Q9JM80,Q9NWQ8,1
Q9JMD7,Q9GZV3,3
Q9JMH2,Q9P2V4,2
Q9JMI9,Q13507,3
Q9P290,Q8WUG5,3
Q9QW30,Q04721,4
Q9QWE9,P36269,1
Q9QWJ9,O14786,4
Q9QWS8,Q96L42,1
Q9QX01,P48995,3
Q9QX05,O00206,4
Q9QX69,O43813,1
Q9QX75,Q13061,1
Q9QX82,Q04900,4
Q9QXI3,Q8NDV2,2
Q9QXQ5,P56705,1
Q9QXQ7,P41221,1
Q9QXT3,Q9UHE5,2
Q9QXT4,Q9UHF3,2
Q9QY10,Q14512,1
Q9QY44,Q9UBJ2,2
Q9QYC5,O60883,3
Q9QYC6,O15354,3
Q9QYE7,P20702,4
Q9QYJ4,Q9NP78,2
Q9QYM0,O15440,3
Q9QYN8,Q9Y5N1,3
Q9QYP0,Q7Z7M0,3
Q9QYP1,O75096,3
Q9QYP2,Q9HCU4,2
Q9QYU3,Q9UJ96,2
Q9QYV0,Q13444,4
Q9QYV1,Q8IYR6,3
Q9QYW1,O15554,3
Q9QYW5,P54852,4
Q9QZA6,P48509,4
Q9QZE9,Q86TG1,3
Q9QZG1,A1A5C7,3
Q9QZH0,Q9ULV1,4
Q9QZH8,P22760,1
Q9QZL2,Q7LGC8,1
Q9QZM6,O60721,2
Q9QZN9,P34972,3
Q9QZT0,Q86UP6,2
Q9QZX8,Q9NPD5,2
Q9R044,O60500,3
Q9R066,P78310,4
Q9R0C5,Q86SF2,1
Q9R0C9,Q99720,1
Q9R0Q2,Q15722,4
Q9R0S5,Q9UM01,3
Q9R0T4,P12830,4
Q9R0W2,O15244,3
Q9R0W5,Q9NY37,3
Q9R141,Q9H015,3
Q9R154,O43511,3
Q9R168,Q8N474,1
Q9R172,Q9UM47,2
Q9R186,Q9H1D0,4
Q9R193,Q9UN42,3
Q9R1K2,Q9NT68,2
Q9R1M7,Q8TCU5,3
Q9R1N3,Q9Y6M7,3
Q9R1S4,P17861,1
Q9R1T7,Q9Y6W8,4
Q9R1T9,Q9UQ05,1
Q9R1U7,Q8TCC7,3
Q9R1U9,Q9Y644,1
Q9R1Z0,Q9Y277,1
Q9R261,Q13258,3
Q9R2C1,Q9Y6X1,1
Q9WTL3,Q9H3T2,1
Q9WTN5,Q9ULQ1,2
Q9WTR7,Q9BY50,1
Q9WTV0,Q9HCU5,1
Q9WTW7,Q9UHI7,4
Q9WTW8,Q9UGH3,2
Q9WTY0,Q13520,2
Q9WTZ3,Q14703,1
Q9WU61,Q96S66,1
Q9WU74,Q86X29,2
Q9WUD2,Q9Y5S1,4
Q9WUF4,Q9BV40,1
Q9WV57,Q2M385,2
Q9WV78,Q9BX97,2
Q9WV87,Q9Y5S8,2
Q9WVC0,Q16181,1
Q9WVC1,O94813,1
Q9WVJ4,P57105,1
Q9WVR6,Q9UHI5,2
Q9WVR8,O00255,1
Q9WVT0,Q8IZF2,3
Q9Z0H5,O76036,4
Q9Z0J8,Q7Z3B1,2
Q9Z0K5,O95976,4
Q9Z0L5,O14944,4
Q9Z0M4,P15529,4
Q9Z0N7,P51787,3
Q9Z0R7,Q8TE23,3
Q9Z0R8,Q7RTX1,3
Q9Z0U4,Q9UBS5,3
Q9Z0W0,O95838,3
Q9Z0W7,Q9Y696,1
Q9Z0X2,Q14940,3
Q9Z0Y8,Q9P0X4,3
Q9Z0Z5,Q8WWT9,3
Q9Z122,O95864,2
Q9Z137,Q9NPZ5,1
Q9Z142,P57088,2
Q9Z143,O95754,3
Q9Z158,P56962,2
Q9Z173,Q9HAR2,1
Q9Z1E1,O75955,1
Q9Z1F2,Q8WWX8,2
Q9Z1K9,P78536,4
Q9Z1L1,O95471,2
Q9Z1N3,B2RTY4,1
Q9Z1P3,Q07820,1
Q9Z1W6,Q86UE4,1
Q9Z1X1,Q9BSJ8,2
Q9Z1Y3,P19022,4
Q9Z258,Q5JUK3,2
Q9Z269,O95292,2
Q9Z270,Q9P0L0,2
Q9Z286,Q96PN6,1
Q9Z2H4,Q9BXB1,2
Q9Z2I6,Q496J9,3
Q9Z2I7,Q8N4V2,2
Q9Z2J5,O95183,2
Q9Z2L0,P21796,1
Q9Z2P3,P23510,3
Q9Z2Q3,Q12891,2
Q9Z2Q7,Q9UNK0,2
Q9Z2S9,Q14254,1
Q9Z2T2,O00180,2
Q9Z2V2,P29965,3
Q9Z2Y9,Q9UEF7,3
Q9Z2Z8,Q9UBM7,1
Q9Z325,O94777,1
