Accession,SPC
A0A5B9,1
A0AV02,3
A0AVI2,2
A0AVI4,2
A0FGR8,2
A0FGR9,3
A0PJK1,3
A0PJW6,1
A0PJX4,1
A0PJX8,2
A0PJZ3,1
A0PK00,1
A0PK05,1
A0PK11,1
A0ZSE6,2
A1A5B4,3
A1A5C7,3
A1KXE4,1
A1L0T0,1
A1L157,2
A1L1A6,1
A1L3X0,1
A2A2V5,2
A2A2Y4,1
A2RRL7,2
A2RU14,1
A2RU48,2
A2RU67,2
A2RUG3,2
A2RUT3,2
A2VDJ0,2
A3KFT3,3
A4D1S0,2
A4D256,1
A4D2G3,2
A4D2H0,1
A4FU28,1
A4IF30,1
A5D6W6,2
A5PLK6,2
A5PLL7,1
A5X5Y0,3
A5YKK6,1
A6BM72,3
A6H8M9,2
A6NC51,1
A6NCQ9,1
A6NCV1,3
A6ND01,1
A6ND48,3
A6NDA9,2
A6NDH6,3
A6NDL8,3
A6NDP7,1
A6NDV4,3
A6NDX4,1
A6NEH6,1
A6NET4,3
A6NF34,1
A6NF89,3
A6NFA1,2
A6NFC5,2
A6NFC9,1
A6NFE2,1
A6NFR6,1
A6NFU0,1
A6NFX1,2
A6NFY4,1
A6NGA9,1
A6NGB7,1
A6NGC4,1
A6NGN9,1
A6NGU5,2
A6NGY5,3
A6NGZ8,1
A6NH00,3
A6NH21,3
A6NHA9,3
A6NHG9,2
A6NHS7,2
A6NI61,1
A6NI73,3
A6NIJ9,3
A6NIM6,2
A6NJU9,1
A6NJW9,1
A6NJY1,1
A6NJY4,1
A6NJZ3,3
A6NK97,1
A6NKB5,2
A6NKC4,1
A6NKK0,3
A6NKL6,1
A6NKW6,1
A6NKX4,1
A6NL05,1
A6NL08,3
A6NL26,3
A6NL88,1
A6NL99,1
A6NLE4,1
A6NLU5,1
A6NLX4,1
A6NM03,3
A6NM10,1
A6NM11,3
A6NM45,1
A6NM62,1
A6NM76,3
A6NMB1,2
A6NMS3,2
A6NMS7,3
A6NMU1,3
A6NMZ5,2
A6NN92,1
A6NNB3,1
A6NNC1,1
A6NND4,3
A6NNE9,1
A6NNN8,1
A6QL63,1
A7MBM2,2
A8CG34,1
A8K4G0,3
A8MPY1,2
A8MRT5,1
A8MUP6,2
A8MV81,1
A8MVS5,2
A8MVW0,2
A8MVW5,3
A8MVZ5,2
A8MWK0,1
A8MWL7,1
A8MWY0,3
A8MXE2,1
A8MXK1,2
A8MYB1,1
A8MYU2,1
A9Z1Z3,1
B0FP48,2
B0YJ81,1
B2RN74,2
B2RTY4,1
B2RUZ4,1
B3SHH9,2
B4DJY2,1
B4DS77,2
B4DYI2,1
B5MD39,1
B6A8C7,2
B6SEH8,1
B6SEH9,2
B7U540,1
B7Z8K6,1
B8ZZ34,1
C9JDP6,1
C9JG80,1
C9JH25,1
C9JI98,1
C9JQL5,1
C9JVW0,1
D3W0D1,2
E2RYF6,2
E5RHQ5,1
E5RIL1,1
E7ERA6,1
F2Z333,2
F5H4A9,1
G3V0H7,3
H0YL14,1
H3BR10,1
H3BS89,1
H3BV60,1
I3L273,2
K7EJ46,1
M0QZC1,1
O00124,2
O00144,4
O00155,3
O00168,3
O00180,2
O00198,2
O00206,4
O00219,2
O00220,4
O00222,3
O00237,1
O00238,3
O00241,4
O00254,4
O00255,1
O00264,1
O00270,2
O00299,1
O00300,1
O00322,3
O00337,4
O00341,3
O00391,3
O00398,3
O00400,2
O00421,4
O00444,1
O00445,2
O00451,1
O00453,2
O00461,1
O00468,1
O00476,2
O00478,4
O00481,4
O00501,2
O00519,1
O00526,3
O00533,4
O00548,4
O00555,1
O00559,1
O00560,1
O00562,1
O00574,4
O00587,1
O00590,3
O00591,3
O00592,4
O00602,1
O00623,1
O00624,2
O00631,1
O00755,1
O14493,2
O14494,4
O14495,4
O14511,3
O14514,2
O14520,3
O14522,2
O14523,1
O14524,3
O14525,2
O14569,2
O14581,2
O14609,2
O14626,3
O14638,2
O14649,2
O14653,1
O14662,1
O14668,3
O14669,2
O14672,4
O14678,1
O14681,1
O14683,2
O14684,2
O14718,3
O14735,2
O14763,3
O14764,3
O14786,4
O14788,4
O14791,1
O14798,3
O14804,2
O14817,3
O14828,2
O14836,4
O14842,2
O14843,3
O14880,1
O14894,3
O14917,2
O14925,1
O14931,3
O14944,4
O14975,1
O15031,2
O15079,1
O15118,2
O15120,1
O15121,2
O15126,2
O15127,2
O15146,3
O15155,1
O15162,2
O15165,3
O15173,2
O15197,4
O15218,3
O15229,2
O15239,1
O15243,3
O15244,3
O15245,3
O15247,1
O15260,1
O15269,1
O15270,1
O15303,3
O15320,1
O15321,3
O15342,2
O15354,3
O15374,2
O15375,4
O15389,4
O15393,2
O15394,3
O15399,2
O15400,2
O15403,3
O15427,2
O15431,4
O15432,3
O15438,4
O15439,3
O15440,3
O15455,4
O15466,1
O15482,2
O15484,1
O15503,2
O15520,1
O15529,2
O15533,1
O15547,3
O15551,3
O15552,4
O15554,3
O42043,2
O43155,3
O43157,2
O43169,1
O43173,1
O43184,3
O43193,3
O43194,2
O43246,3
O43278,1
O43280,1
O43286,1
O43291,3
O43292,2
O43300,3
O43306,3
O43315,4
O43424,3
O43451,2
O43462,2
O43464,1
O43490,4
O43493,2
O43497,3
O43505,1
O43506,3
O43508,3
O43511,3
O43520,1
O43525,2
O43526,2
O43529,1
O43556,3
O43557,3
O43561,1
O43567,2
O43570,3
O43581,1
O43586,1
O43603,3
O43613,2
O43614,3
O43653,1
O43657,3
O43674,1
O43676,1
O43688,2
O43699,4
O43731,1
O43736,3
O43749,3
O43752,3
O43759,1
O43760,2
O43761,1
O43772,1
O43808,2
O43813,1
O43825,1
O43826,2
O43847,1
O43861,2
O43868,4
O43869,3
O43889,1
O43895,1
O43908,3
O43909,1
O43914,3
O43916,1
O43921,2
O43934,3
O60235,2
O60238,1
O60241,2
O60242,3
O60243,1
O60245,4
O60266,4
O60279,2
O60309,3
O60312,2
O60313,1
O60320,1
O60330,3
O60337,1
O60343,1
O60353,2
O60359,3
O60391,3
O60403,2
O60404,3
O60412,3
O60423,2
O60427,2
O60431,3
O60449,4
O60462,3
O60469,3
O60476,1
O60478,2
O60486,4
O60487,1
O60488,1
O60494,1
O60499,1
O60500,3
O60503,4
O60507,1
O60512,1
O60513,1
O60602,3
O60603,4
O60609,2
O60635,4
O60636,3
O60637,4
O60656,1
O60667,3
O60669,3
O60676,1
O60687,1
O60704,1
O60706,3
O60721,2
O60741,2
O60755,3
O60774,1
O60779,2
O60830,1
O60831,1
O60840,2
O60858,2
O60883,3
O60894,2
O60895,3
O60896,3
O60906,1
O60909,1
O60911,1
O60928,2
O60931,2
O60939,3
O71037,2
O75015,3
O75019,3
O75022,4
O75023,4
O75051,3
O75054,3
O75056,3
O75063,1
O75069,1
O75072,1
O75074,4
O75077,4
O75078,3
O75084,3
O75096,3
O75110,2
O75121,2
O75129,3
O75144,4
O75145,1
O75154,1
O75185,2
O75192,1
O75197,4
O75204,2
O75264,1
O75298,1
O75309,3
O75310,1
O75311,3
O75324,1
O75325,3
O75326,3
O75330,2
O75334,1
O75335,1
O75352,2
O75354,1
O75355,4
O75379,1
O75387,2
O75388,2
O75396,1
O75425,2
O75427,1
O75438,1
O75443,1
O75445,3
O75452,1
O75473,3
O75477,1
O75487,2
O75508,3
O75509,4
O75578,4
O75581,4
O75631,2
O75712,3
O75751,3
O75752,1
O75762,2
O75783,2
O75787,2
O75829,2
O75841,3
O75844,1
O75845,1
O75871,4
O75882,4
O75888,3
O75899,4
O75900,1
O75908,1
O75915,1
O75920,1
O75923,2
O75935,1
O75954,3
O75955,1
O75976,3
O76000,3
O76001,3
O76002,3
O76024,1
O76027,1
O76036,4
O76062,2
O76082,3
O76090,2
O76095,3
O76099,3
O76100,3
O94759,3
O94766,1
O94772,1
O94777,1
O94778,3
O94779,1
O94813,1
O94823,1
O94826,1
O94856,3
O94876,2
O94886,3
O94898,3
O94901,1
O94905,1
O94910,2
O94911,3
O94923,1
O94933,3
O94956,2
O94966,2
O94985,3
O94991,3
O95006,2
O95007,3
O95013,2
O95047,3
O95069,2
O95070,2
O95136,2
O95139,1
O95140,1
O95150,2
O95159,2
O95167,1
O95168,1
O95169,1
O95180,2
O95183,2
O95185,3
O95196,3
O95202,2
O95206,3
O95210,1
O95214,3
O95221,3
O95222,3
O95237,1
O95249,1
O95255,2
O95256,4
O95259,1
O95264,3
O95274,1
O95279,3
O95292,2
O95297,3
O95298,1
O95342,3
O95371,3
O95377,3
O95393,1
O95395,1
O95406,3
O95415,2
O95425,1
O95427,2
O95436,3
O95452,3
O95461,1
O95470,1
O95471,2
O95473,1
O95476,1
O95477,3
O95484,2
O95490,3
O95497,1
O95498,3
O95500,1
O95502,1
O95528,2
O95562,2
O95573,1
O95622,3
O95630,1
O95665,3
O95672,2
O95727,4
O95754,3
O95772,1
O95800,2
O95803,1
O95807,2
O95832,3
O95833,1
O95834,1
O95838,3
O95857,3
O95858,3
O95859,2
O95864,2
O95866,3
O95867,1
O95868,1
O95870,2
O95907,2
O95918,2
O95925,1
O95944,4
O95971,2
O95976,4
O95977,3
O95980,1
O95992,1
O96002,2
O96005,1
O96011,1
O96024,1
P00156,1
P00167,1
P00390,1
P00395,1
P00403,1
P00533,4
P00742,1
P00747,1
P00749,1
P00750,1
P00813,1
P00846,1
P01127,1
P01130,4
P01133,3
P01135,3
P01137,1
P01374,1
P01375,3
P01579,1
P01588,1
P01589,4
P01730,4
P01732,4
P01833,4
P01848,1
P01850,1
P01871,1
P01880,1
P01889,4
P01891,4
P01892,4
P01893,2
P01903,4
P01906,4
P01909,4
P01911,4
P01912,4
P01920,4
P02511,1
P02647,1
P02649,1
P02671,1
P02675,1
P02679,1
P02708,3
P02724,4
P02730,4
P02748,1
P02749,1
P02760,1
P02778,1
P02786,3
P02787,1
P03886,1
P03915,1
P03923,1
P03928,1
P03986,2
P03989,4
P03999,3
P04000,3
P04001,3
P04035,1
P04054,1
P04083,1
P04085,1
P04156,4
P04180,1
P04201,3
P04216,3
P04222,4
P04229,4
P04233,4
P04234,3
P04275,1
P04439,4
P04440,4
P04626,4
P04628,1
P04629,4
P04839,1
P04843,2
P04844,2
P04920,2
P04921,4
P05023,4
P05026,4
P05067,3
P05106,4
P05107,4
P05112,1
P05141,2
P05154,1
P05186,1
P05187,2
P05231,1
P05362,4
P05496,1
P05534,4
P05538,2
P05556,4
P05981,1
P06028,3
P06126,4
P06127,4
P06213,4
P06276,1
P06340,4
P06576,1
P06729,4
P06731,3
P06734,2
P06756,4
P06858,2
P07093,1
P07099,1
P07202,3
P07204,4
P07306,3
P07307,3
P07333,4
P07355,1
P07359,4
P07510,2
P07550,4
P07766,3
P07858,1
P07911,1
P07949,2
P07996,1
P08034,3
P08069,4
P08100,3
P08134,1
P08138,4
P08172,4
P08173,4
P08174,3
P08183,4
P08195,4
P08238,1
P08246,2
P08247,3
P08311,2
P08473,4
P08514,4
P08571,3
P08574,1
P08575,4
P08581,3
P08582,3
P08588,3
P08637,4
P08648,3
P08684,1
P08697,1
P08758,1
P08842,3
P08887,4
P08908,3
P08910,1
P08912,4
P08913,3
P08922,3
P08962,4
P08F94,3
P09131,3
P09172,1
P09326,3
P09382,1
P09429,1
P09486,1
P09525,1
P09564,4
P09603,3
P09619,4
P09669,1
P09693,4
P09758,3
P09848,2
P09912,2
P09923,1
P09958,2
P0C604,1
P0C617,2
P0C623,2
P0C626,2
P0C628,1
P0C629,1
P0C645,2
P0C646,2
P0C672,1
P0C6S8,2
P0C6T2,1
P0C7M8,1
P0C7N1,3
P0C7N4,1
P0C7N5,1
P0C7N8,2
P0C7Q5,1
P0C7Q6,1
P0C7T2,2
P0C7T3,2
P0C7T8,1
P0C7U0,2
P0C7U3,2
P0C7U9,1
P0C7V7,1
P0C851,1
P0C874,1
P0CF51,1
P0CG08,2
P0CG37,1
P0CG41,1
P0CK96,1
P0CK97,1
P0DKB5,2
P0DKB6,1
P0DKV0,1
P0DMQ5,1
P0DMS8,3
P0DN77,1
P0DPA2,2
P0DPD6,2
P10176,1
P10276,1
P10314,4
P10316,4
P10319,4
P10321,4
P10415,1
P10586,3
P10600,1
P10620,1
P10646,2
P10696,1
P10721,4
P10747,4
P10809,1
P10912,4
P10966,4
P11021,1
P11049,4
P11117,2
P11166,4
P11168,3
P11169,4
P11215,4
P11226,1
P11229,2
P11230,3
P11233,1
P11245,1
P11277,1
P11279,4
P11362,4
P11464,1
P11532,1
P11686,1
P11717,4
P11836,4
P11912,4
P12018,1
P12235,2
P12236,1
P12314,4
P12318,4
P12319,4
P12643,1
P12821,4
P12830,4
P13164,3
P13224,4
P13385,2
P13473,4
P13569,2
P13591,4
P13598,4
P13612,4
P13637,2
P13667,1
P13688,4
P13726,4
P13746,4
P13747,4
P13760,4
P13761,4
P13762,3
P13765,4
P13866,3
P13945,3
P13987,3
P14060,1
P14091,1
P14151,4
P14174,1
P14207,2
P14209,3
P14384,2
P14410,1
P14415,4
P14416,2
P14616,3
P14672,3
P14679,2
P14735,1
P14770,3
P14778,4
P14784,4
P14867,3
P15144,3
P15151,4
P15260,4
P15289,1
P15291,1
P15328,3
P15382,2
P15391,4
P15421,2
P15502,1
P15509,4
P15514,3
P15529,4
P15692,1
P15812,4
P15813,4
P15814,1
P15848,1
P15907,1
P15941,4
P15954,1
P16035,1
P16066,2
P16070,4
P16109,4
P16144,3
P16150,4
P16188,4
P16189,4
P16190,4
P16234,4
P16260,1
P16284,4
P16389,2
P16410,4
P16422,4
P16442,1
P16444,1
P16471,4
P16473,3
P16581,4
P16615,1
P16662,1
P16671,4
P16871,4
P17152,1
P17181,3
P17301,4
P17302,4
P17342,3
P17643,3
P17658,2
P17693,4
P17706,1
P17787,3
P17813,4
P17861,1
P17927,4
P17931,1
P17948,3
P18031,1
P18084,4
P18089,2
P18405,1
P18428,1
P18433,3
P18462,4
P18463,4
P18464,4
P18465,4
P18505,3
P18507,2
P18564,3
P18577,3
P18627,4
P18825,2
P18827,4
P18850,1
P19013,1
P19021,3
P19022,4
P19075,3
P19224,1
P19235,4
P19256,4
P19320,4
P19397,4
P19438,4
P19440,4
P19526,1
P19634,3
P20020,2
P20023,4
P20036,4
P20039,4
P20138,4
P20273,4
P20292,2
P20309,3
P20333,4
P20594,2
P20645,3
P20648,2
P20701,4
P20702,4
P20827,2
P20916,3
P20963,3
P21145,2
P21217,1
P21397,1
P21439,4
P21452,4
P21453,4
P21462,3
P21554,4
P21579,2
P21583,4
P21589,4
P21709,3
P21728,2
P21730,4
P21731,4
P21754,3
P21757,4
P21796,1
P21802,4
P21810,1
P21817,2
P21854,3
P21860,4
P21917,3
P21918,2
P21926,4
P21964,1
P22001,3
P22083,1
P22223,4
P22303,2
P22413,2
P22455,3
P22459,2
P22460,2
P22607,4
P22732,4
P22748,3
P22760,1
P22794,4
P22888,3
P22897,4
P23229,4
P23276,4
P23415,3
P23416,3
P23443,1
P23467,2
P23468,3
P23469,3
P23470,3
P23471,3
P23510,3
P23515,1
P23634,3
P23763,2
P23942,3
P23945,3
P23975,2
P24046,2
P24071,4
P24158,1
P24310,1
P24311,1
P24390,1
P24394,3
P24530,4
P24557,1
P24666,1
P25021,3
P25024,4
P25025,4
P25063,4
P25089,3
P25090,4
P25092,3
P25100,3
P25101,3
P25103,4
P25105,3
P25106,4
P25116,4
P25189,3
P25445,3
P25874,1
P25929,4
P25942,4
P26006,4
P26010,4
P26012,3
P26439,1
P26572,1
P26678,1
P26715,4
P26717,4
P26718,4
P26842,4
P26951,4
P26992,1
P27037,4
P27105,1
P27338,1
P27449,2
P27487,2
P27544,1
P27701,4
P27797,1
P27824,1
P27930,4
P28067,4
P28068,4
P28221,2
P28222,3
P28223,3
P28288,1
P28328,1
P28335,3
P28336,3
P28472,2
P28476,2
P28566,3
P28827,3
P28845,1
P28906,4
P28907,3
P28908,4
P29016,4
P29017,4
P29033,3
P29122,1
P29274,3
P29275,4
P29317,4
P29320,3
P29322,4
P29323,3
P29371,2
P29376,4
P29965,3
P29972,4
P29973,2
P30040,1
P30101,1
P30203,4
P30273,2
P30301,3
P30408,3
P30411,3
P30443,4
P30447,4
P30450,4
P30453,4
P30455,4
P30456,4
P30457,4
P30459,4
P30460,4
P30461,4
P30462,4
P30464,4
P30466,4
P30475,4
P30479,4
P30480,4
P30481,4
P30483,4
P30484,4
P30485,4
P30486,4
P30487,4
P30488,4
P30490,4
P30491,4
P30492,4
P30493,4
P30495,4
P30498,4
P30499,4
P30501,4
P30504,4
P30505,4
P30508,4
P30510,4
P30511,4
P30512,4
P30518,2
P30530,4
P30531,3
P30532,4
P30533,1
P30536,1
P30542,4
P30550,3
P30556,4
P30559,3
P30685,4
P30825,3
P30872,3
P30874,3
P30926,3
P30939,3
P30953,3
P30954,2
P30968,2
P30988,2
P30989,3
P31358,3
P31391,4
P31431,3
P31512,1
P31639,3
P31641,3
P31644,3
P31645,3
P31785,4
P31994,4
P31995,4
P31997,2
P32004,4
P32238,4
P32239,3
P32241,4
P32245,2
P32246,4
P32247,3
P32248,4
P32249,4
P32297,4
P32302,4
P32418,2
P32745,4
P32856,2
P32926,3
P32927,4
P32942,4
P32970,3
P32971,4
P33032,3
P33121,1
P33151,4
P33527,4
P33681,4
P33765,1
P33897,1
P33908,1
P33947,1
P34741,4
P34810,3
P34903,3
P34910,4
P34925,3
P34969,3
P34972,3
P34981,2
P34982,2
P34995,2
P34998,3
P35052,1
P35070,3
P35212,4
P35225,1
P35240,1
P35241,1
P35346,3
P35348,3
P35367,3
P35368,4
P35372,3
P35408,3
P35410,3
P35414,3
P35462,3
P35498,3
P35499,3
P35523,1
P35579,1
P35580,1
P35590,4
P35613,4
P35670,1
P35916,4
P35968,4
P36021,2
P36268,1
P36269,1
P36382,3
P36383,2
P36537,1
P36544,3
P36873,1
P36888,4
P36894,4
P36896,4
P36897,4
P36941,4
P36956,1
P37023,3
P37058,1
P37059,1
P37088,3
P37173,4
P37287,1
P37288,3
P38435,2
P38484,4
P38567,2
P38570,4
P39086,3
P39877,1
P40126,3
P40145,2
P40189,4
P40197,4
P40198,4
P40199,2
P40200,4
P40238,4
P40259,4
P40305,2
P40879,3
P40933,1
P40967,3
P41143,2
P41145,3
P41146,2
P41180,4
P41181,4
P41217,4
P41221,1
P41231,3
P41273,3
P41440,4
P41586,3
P41587,3
P41594,3
P41595,3
P41597,4
P41732,4
P41968,3
P42081,4
P42166,1
P42167,1
P42261,4
P42262,3
P42263,4
P42658,3
P42701,4
P42702,4
P42857,1
P42892,4
P43003,3
P43004,2
P43005,3
P43007,3
P43088,4
P43115,3
P43116,3
P43119,3
P43121,4
P43146,4
P43220,3
P43307,2
P43308,1
P43489,4
P43626,4
P43627,3
P43628,3
P43629,4
P43630,4
P43631,4
P43632,4
P43657,4
P43681,3
P45844,3
P45880,1
P46059,2
P46089,3
P46091,3
P46092,4
P46093,2
P46094,4
P46095,3
P46098,3
P46531,3
P46663,4
P46695,1
P46721,3
P46977,2
P47211,3
P47775,3
P47804,2
P47869,3
P47870,3
P47871,2
P47872,2
P47881,2
P47883,2
P47884,2
P47887,3
P47888,3
P47890,3
P47893,3
P47898,3
P47900,4
P47901,3
P47985,1
P48023,4
P48029,3
P48039,2
P48048,2
P48050,4
P48051,2
P48058,3
P48060,3
P48061,1
P48065,3
P48066,3
P48067,3
P48145,3
P48146,3
P48165,2
P48167,3
P48169,3
P48201,1
P48230,3
P48357,4
P48509,4
P48544,2
P48546,3
P48547,2
P48549,3
P48551,4
P48651,2
P48664,2
P48751,2
P48764,4
P48960,4
P48995,3
P49019,2
P49146,3
P49190,2
P49238,4
P49257,1
P49279,4
P49281,3
P49286,3
P49447,2
P49641,1
P49682,4
P49683,2
P49685,4
P49755,3
P49768,3
P49771,4
P49788,1
P49810,3
P49895,1
P49961,4
P50052,4
P50281,3
P50391,3
P50402,1
P50406,3
P50416,1
P50443,3
P50591,2
P50851,2
P50876,1
P50895,3
P50993,4
P51164,3
P51168,4
P51170,4
P51172,3
P51511,2
P51512,3
P51571,1
P51572,2
P51575,4
P51582,4
P51636,1
P51648,1
P51654,1
P51674,3
P51677,4
P51679,4
P51681,4
P51684,4
P51685,4
P51686,4
P51690,1
P51693,3
P51787,3
P51788,1
P51790,1
P51793,1
P51795,1
P51797,2
P51798,2
P51800,1
P51801,2
P51805,2
P51809,1
P51810,3
P51811,2
P51828,3
P51841,2
P51993,1
P52429,1
P52569,3
P52797,1
P52798,2
P52799,4
P52803,3
P52848,1
P52849,1
P52961,3
P53007,1
P53708,4
P53794,2
P53801,2
P53816,2
P53985,3
P54219,4
P54289,1
P54578,1
P54652,1
P54707,1
P54709,4
P54710,3
P54753,3
P54756,3
P54760,4
P54762,3
P54764,4
P54793,1
P54826,1
P54829,1
P54849,3
P54851,3
P54852,4
P54855,1
P55011,3
P55017,4
P55061,3
P55064,4
P55073,1
P55075,1
P55082,2
P55085,4
P55087,3
P55160,2
P55259,2
P55283,4
P55285,4
P55286,2
P55287,3
P55289,3
P55290,2
P55291,3
P55344,4
P55808,2
P55851,1
P55899,4
P55916,1
P56134,1
P56159,1
P56180,1
P56199,3
P56373,3
P56378,1
P56539,2
P56557,1
P56589,1
P56696,2
P56704,1
P56705,1
P56746,3
P56747,2
P56748,3
P56749,3
P56750,2
P56817,4
P56856,3
P56880,3
P56937,1
P56962,2
P56975,2
P57054,1
P57057,3
P57087,4
P57088,2
P57103,3
P57105,1
P57679,1
P57727,1
P57738,3
P57739,3
P57773,2
P57789,2
P58170,3
P58173,3
P58180,2
P58181,3
P58182,3
P58335,4
P58400,3
P58401,3
P58418,3
P58511,1
P58550,1
P58658,3
P58743,3
P58872,2
P59025,2
P59533,3
P59534,3
P59535,2
P59536,1
P59537,2
P59538,2
P59539,2
P59540,3
P59541,2
P59542,3
P59543,3
P59544,2
P59551,1
P59646,2
P59773,1
P59861,1
P59901,3
P59922,1
P60033,3
P60059,1
P60201,4
P60468,1
P60507,2
P60508,2
P60509,2
P60602,1
P60852,3
P60893,3
P60903,1
P61009,1
P61073,4
P61165,2
P61266,2
P61550,2
P61565,2
P61566,2
P61567,2
P61570,2
P61586,1
P61619,1
P61647,1
P61769,2
P61803,2
P62079,3
P62330,1
P62491,1
P62745,1
P62952,2
P62955,2
P63027,2
P63252,2
P67812,1
P69849,1
P78310,4
P78324,4
P78325,4
P78333,1
P78334,3
P78348,2
P78357,3
P78363,2
P78369,2
P78380,4
P78381,1
P78382,2
P78383,1
P78410,4
P78423,4
P78504,4
P78508,2
P78536,4
P78539,1
P78552,4
P78562,2
P79483,4
P80370,3
P81408,3
P82251,2
P82279,3
P84157,1
P98073,2
P98153,2
P98155,3
P98161,3
P98164,2
P98172,4
P98187,1
P98194,2
P98196,2
P98198,1
Q00325,2
Q00604,1
Q00765,2
Q00839,1
Q00973,1
Q00975,2
Q00LT1,1
Q01113,4
Q01118,3
Q01151,4
Q01344,4
Q01362,3
Q01453,2
Q01628,3
Q01629,3
Q01638,4
Q01650,4
Q01668,2
Q01718,2
Q01726,3
Q01814,3
Q01959,2
Q01973,3
Q01974,3
Q02094,3
Q02127,1
Q02161,3
Q02223,4
Q02246,2
Q02297,3
Q02413,2
Q02487,3
Q02505,2
Q02643,3
Q02763,4
Q02846,2
Q02978,1
Q03135,1
Q03167,4
Q03395,1
Q03405,2
Q03431,3
Q03518,1
Q03721,2
Q04609,3
Q04656,1
Q04671,1
Q04721,4
Q04771,4
Q04826,4
Q04844,3
Q04900,4
Q04912,4
Q04941,1
Q05586,3
Q05901,4
Q05940,3
Q05996,3
Q06055,1
Q06136,1
Q06418,3
Q06432,3
Q06481,2
Q06495,3
Q06643,2
Q07000,4
Q07001,3
Q07011,4
Q07021,1
Q07065,2
Q07075,3
Q07108,4
Q07325,1
Q07326,1
Q07444,4
Q075Z2,1
Q07699,3
Q07812,2
Q07817,1
Q07820,1
Q07837,3
Q07954,4
Q08174,3
Q08334,4
Q08345,4
Q08357,3
Q08431,1
Q08462,2
Q08477,1
Q08554,4
Q08708,4
Q08722,4
Q08828,3
Q08AI6,3
Q08ET2,2
Q09013,1
Q09160,4
Q09327,1
Q09328,1
Q09428,3
Q09470,2
Q0D2K0,2
Q0GE19,1
Q0P670,2
Q0P6D2,1
Q0P6H9,3
Q0VAQ4,1
Q0VDI3,2
Q10469,1
Q10471,1
Q10472,1
Q10588,2
Q10589,3
Q10981,1
Q11128,1
Q11130,1
Q11201,1
Q11203,1
Q11206,1
Q12767,2
Q12770,2
Q12772,1
Q12791,2
Q12797,1
Q12809,2
Q12836,3
Q12846,3
Q12860,1
Q12864,3
Q12866,3
Q12879,2
Q12884,2
Q12891,2
Q12893,2
Q12904,1
Q12907,2
Q12908,3
Q12912,2
Q12913,4
Q12918,4
Q12955,1
Q12981,2
Q12983,1
Q12999,3
Q13002,3
Q13003,3
Q13018,4
Q13021,1
Q13061,1
Q13113,2
Q13145,4
Q13183,3
Q13190,1
Q13214,1
Q13224,3
Q13241,2
Q13255,3
Q13258,3
Q13261,3
Q13277,3
Q13286,2
Q13291,4
Q13303,1
Q13304,2
Q13308,3
Q13323,2
Q13324,3
Q13326,1
Q13332,3
Q13336,3
Q13349,4
Q13370,1
Q13410,4
Q13421,2
Q13423,1
Q13433,3
Q13443,4
Q13444,4
Q13445,2
Q13449,3
Q13454,2
Q13467,3
Q13477,1
Q13478,4
Q13488,4
Q13491,3
Q13505,1
Q13507,3
Q13508,3
Q13520,2
Q13530,2
Q13563,3
Q13571,1
Q13576,1
Q13585,3
Q13586,3
Q13591,3
Q13606,3
Q13607,2
Q13621,3
Q13634,3
Q13635,3
Q13639,3
Q13641,3
Q13651,4
Q13683,4
Q13685,1
Q13698,1
Q13705,4
Q13724,1
Q13733,3
Q13740,4
Q13797,4
Q13873,4
Q13936,3
Q13948,1
Q14002,1
Q14003,2
Q14028,1
Q14108,3
Q14112,1
Q14114,4
Q14118,3
Q14126,2
Q14141,1
Q14162,2
Q14165,2
Q14210,3
Q14242,4
Q14246,4
Q14254,1
Q14318,2
Q14330,4
Q14332,4
Q14390,1
Q14392,4
Q14416,3
Q14432,3
Q14435,1
Q14439,2
Q14494,1
Q14500,3
Q14512,1
Q14517,3
Q14524,3
Q14534,2
Q14542,3
Q14571,1
Q14573,1
Q14574,3
Q14626,4
Q14627,4
Q14643,2
Q14654,2
Q14656,1
Q14689,1
Q14703,1
Q14714,3
Q14721,3
Q14728,2
Q14739,1
Q14761,3
Q14773,4
Q14789,1
Q147U7,1
Q14802,2
Q14831,3
Q14832,3
Q14833,3
Q14849,2
Q14916,3
Q14940,3
Q14943,1
Q14952,3
Q14953,4
Q14954,4
Q14956,3
Q14957,2
Q14973,3
Q14982,2
Q14BN4,2
Q14C87,3
Q14CN2,3
Q14CX5,2
Q14CZ8,3
Q14D33,1
Q14DG7,3
Q15005,1
Q15011,1
Q15012,2
Q15019,1
Q15035,2
Q15041,1
Q15043,3
Q15077,4
Q15109,4
Q15116,4
Q15125,3
Q15155,1
Q15223,4
Q15256,3
Q15262,4
Q15303,3
Q15363,1
Q15375,3
Q15388,1
Q15391,3
Q15392,1
Q15399,4
Q15413,1
Q15465,1
Q15546,3
Q15612,3
Q15614,1
Q15615,2
Q15617,2
Q15619,2
Q15620,3
Q15622,3
Q15629,1
Q15722,4
Q15738,2
Q15743,4
Q15746,1
Q15758,3
Q15760,2
Q15761,2
Q15762,4
Q15768,2
Q15800,2
Q15822,3
Q15825,2
Q15836,1
Q15842,2
Q15848,1
Q15849,2
Q15858,3
Q15878,2
Q15884,2
Q15904,2
Q16099,3
Q16181,1
Q16206,1
Q16281,1
Q16288,4
Q16322,2
Q16348,3
Q16394,1
Q16445,3
Q16478,3
Q16512,1
Q16513,1
Q16515,1
Q16538,2
Q16549,1
Q16552,1
Q16553,1
Q16558,3
Q16563,3
Q16570,4
Q16572,1
Q16581,3
Q16585,3
Q16586,2
Q16602,2
Q16611,2
Q16617,3
Q16620,4
Q16623,3
Q16625,2
Q16635,1
Q16651,2
Q16653,3
Q16655,1
Q16671,2
Q16706,1
Q16720,3
Q16790,1
Q16819,3
Q16820,3
Q16821,2
Q16827,4
Q16832,4
Q16842,1
Q16849,4
Q16850,2
Q16853,3
Q16873,3
Q16880,2
Q16891,1
Q17R55,3
Q17R60,1
Q17RQ9,2
Q17RY6,2
Q19T08,2
Q1AE95,1
Q1EHB4,3
Q1HG43,2
Q1HG44,1
Q24JP5,3
Q24JQ0,2
Q29718,4
Q29836,4
Q29865,4
Q29940,4
Q29960,4
Q29963,4
Q29974,4
Q29980,3
Q29983,4
Q2HXU8,4
Q2I0M4,2
Q2KHT4,2
Q2LD37,1
Q2M2E3,2
Q2M2H8,1
Q2M385,2
Q2M3C6,1
Q2M3G0,1
Q2M3M2,3
Q2M3R5,1
Q2M3T9,1
Q2PZI1,1
Q2T9K0,1
Q2TAA5,2
Q2TBF2,1
Q2VWP7,3
Q2VYF4,1
Q2WEN9,1
Q2WGJ9,2
Q2Y0W8,2
Q30134,4
Q30154,3
Q30167,4
Q30201,4
Q30KP9,1
Q30KQ4,1
Q30KQ5,1
Q31610,4
Q31612,4
Q32M45,1
Q32ZL2,3
Q3B7T3,1
Q3C1V0,1
Q3KNS1,3
Q3KNT9,3
Q3KNW5,3
Q3KPI0,3
Q3KR16,1
Q3KR37,2
Q3MIP1,2
Q3MIR4,2
Q3MIW9,3
Q3MIX3,1
Q3MUY2,1
Q3SXP7,2
Q3SXY7,3
Q3SY17,1
Q3SY77,1
Q3SYC2,2
Q3T906,1
Q3V5L5,2
Q3YBM2,2
Q3ZAQ7,1
Q3ZCQ3,3
Q3ZCQ8,1
Q401N2,3
Q494W8,1
Q495A1,4
Q495M3,3
Q495N2,3
Q495T6,2
Q495W5,1
Q496F6,3
Q496H8,1
Q496J9,3
Q49A17,1
Q49SQ1,2
Q4ADV7,1
Q4G0N0,1
Q4G0N8,1
Q4G0T1,2
Q4G148,1
Q4G1C9,1
Q4KMG0,3
Q4KMG9,1
Q4KMQ2,3
Q4KMZ8,3
Q4LDR2,2
Q4QY38,1
Q4U2R8,3
Q4V9L6,2
Q4VC39,1
Q4VCS5,1
Q4VNC0,2
Q4VNC1,2
Q4VXF1,1
Q4ZG55,1
Q4ZIN3,1
Q4ZJI4,2
Q504Y0,2
Q50LG9,3
Q53EL9,3
Q53EP0,2
Q53EU6,2
Q53EZ4,1
Q53F39,1
Q53FP2,2
Q53GD3,3
Q53GQ0,1
Q53HI1,2
Q53R12,2
Q53RT3,1
Q53RY4,1
Q53S58,1
Q53TN4,2
Q562E7,1
Q567V2,1
Q587I9,2
Q58DX5,2
Q58EX2,3
Q58HT5,1
Q5BIV9,1
Q5BJD5,1
Q5BJH2,2
Q5BJH7,1
Q5BKT4,2
Q5BKX6,1
Q5BVD1,1
Q5DID0,3
Q5DX21,3
Q5EB52,1
Q5FWE3,2
Q5FYA8,1
Q5GH70,1
Q5GH72,1
Q5GH73,2
Q5GH76,2
Q5GH77,2
Q5H8A4,2
Q5H943,1
Q5H9E4,2
Q5H9R4,1
Q5HYA8,3
Q5HYJ1,1
Q5HYL7,2
Q5I7T1,2
Q5IJ48,3
Q5J5C9,1
Q5J8M3,2
Q5J8X5,1
Q5JPE7,1
Q5JQS5,2
Q5JRA6,1
Q5JRM2,1
Q5JRS4,2
Q5JRV8,2
Q5JTH9,1
Q5JTV8,1
Q5JUK3,2
Q5JW98,1
Q5JX69,1
Q5JX71,2
Q5JXA9,3
Q5JXX5,2
Q5JXX7,2
Q5JZY3,3
Q5K4L6,2
Q5KU26,2
Q5M7Z0,3
Q5M8T2,1
Q5MY95,2
Q5NUL3,2
Q5PT55,3
Q5QFB9,1
Q5QGT7,2
Q5QGZ9,4
Q5R3F8,3
Q5R3K3,1
Q5RGS3,1
Q5SGD2,1
Q5SNT2,1
Q5SQ64,3
Q5SR56,1
Q5SRD1,1
Q5SRI9,1
Q5SRN2,1
Q5SSG8,3
Q5SWH9,1
Q5SWX8,2
Q5SY80,1
Q5SZK8,3
Q5T0T0,1
Q5T197,1
Q5T1A1,2
Q5T1Q4,1
Q5T1S8,3
Q5T292,1
Q5T2D2,4
Q5T2E6,2
Q5T3F8,3
Q5T3U5,2
Q5T442,3
Q5T4D3,2
Q5T4F4,3
Q5T4S7,1
Q5T4T1,1
Q5T601,3
Q5T6L9,2
Q5T6X4,1
Q5T6X5,4
Q5T700,2
Q5T7M9,1
Q5T7P8,1
Q5T848,2
Q5T8D3,2
Q5T9L3,1
Q5T9Z0,1
Q5TAH2,2
Q5TAT6,1
Q5TF21,2
Q5TF39,3
Q5TFQ8,4
Q5TGI0,1
Q5TGY1,2
Q5TGZ0,1
Q5TH69,1
Q5TZ20,3
Q5TZJ5,1
Q5U3C3,1
Q5U4P2,1
Q5UAW9,3
Q5UCC4,1
Q5VSG8,1
Q5VT66,1
Q5VT99,2
Q5VTJ3,1
Q5VTT2,1
Q5VTY9,1
Q5VU13,1
Q5VU36,1
Q5VU65,2
Q5VU97,3
Q5VUB5,3
Q5VUD6,1
Q5VUY2,1
Q5VV42,2
Q5VV43,3
Q5VV63,2
Q5VVB8,1
Q5VVP1,1
Q5VW36,1
Q5VW38,2
Q5VWC8,3
Q5VWK5,4
Q5VX71,3
Q5VXT5,2
Q5VXU1,2
Q5VXU3,1
Q5VY43,2
Q5VY80,2
Q5VYJ5,2
Q5VYP0,1
Q5VYY1,1
Q5VZ66,1
Q5VZ72,2
Q5VZI3,2
Q5VZR4,1
Q5VZY2,2
Q5W0B7,2
Q5W0N0,1
Q5W0Z9,1
Q5XG99,2
Q5XXA6,3
Q5Y7A7,4
Q5ZPR3,4
Q63HM2,1
Q63ZE4,1
Q643R3,2
Q658N2,1
Q658P3,2
Q66K14,1
Q66K66,1
Q674R7,2
Q685J3,3
Q687X5,3
Q68CJ9,1
Q68CQ1,1
Q68CQ7,1
Q68CR1,2
Q68CR7,2
Q68D42,2
Q68D85,1
Q68DH5,3
Q68DV7,3
Q68G75,1
Q69384,2
Q695T7,3
Q69YG0,2
Q69YW2,2
Q69YZ2,1
Q6AI14,2
Q6AZY7,2
Q6BAA4,1
Q6DD88,2
Q6DKI7,2
Q6DN12,2
Q6DN14,1
Q6DN72,4
Q6DWJ6,3
Q6E213,2
Q6EIG7,2
Q6EMK4,3
Q6FHJ7,1
Q6GMR7,1
Q6GPH6,1
Q6GTX8,4
Q6GV28,3
Q6H3X3,2
Q6IA17,3
Q6IAN0,1
Q6IC98,2
Q6ICH7,1
Q6ICI0,2
Q6ICL7,1
Q6IEE7,3
Q6IEE8,1
Q6IEU7,3
Q6IEV9,3
Q6IEY1,2
Q6IEZ7,3
Q6IF00,3
Q6IF36,1
Q6IF42,2
Q6IF63,3
Q6IF82,3
Q6IF99,2
Q6IFG1,3
Q6IFH4,3
Q6IFN5,2
Q6IS24,1
Q6ISS4,1
Q6ISU1,2
Q6IWH7,3
Q6J4K2,3
Q6J9G0,1
Q6KCM7,1
Q6L9W6,1
Q6MZM0,2
Q6N022,2
Q6N075,2
Q6NSJ0,2
Q6NSJ5,2
Q6NT16,2
Q6NTF9,1
Q6NUI2,1
Q6NUJ2,3
Q6NUK4,1
Q6NUQ4,1
Q6NUS6,3
Q6NUS8,2
Q6NUT2,2
Q6NUT3,3
Q6NV75,2
Q6NVV3,3
Q6NW34,2
Q6NW40,1
Q6NXN4,1
Q6NXT4,2
Q6NXT6,2
Q6NYC1,1
Q6NZ63,1
Q6P0A1,1
Q6P179,1
Q6P1A2,2
Q6P1J6,3
Q6P1M0,2
Q6P1Q0,2
Q6P1S2,1
Q6P2H8,2
Q6P3S1,2
Q6P499,2
Q6P4A7,2
Q6P4E1,1
Q6P4F1,1
Q6P4H8,2
Q6P4Q7,3
Q6P531,1
Q6P5S7,2
Q6P5W5,3
Q6P5X7,2
Q6P6C2,1
Q6P7N7,1
Q6P995,2
Q6P9A2,1
Q6P9B9,1
Q6P9F7,3
Q6P9G4,3
Q6PCB7,1
Q6PCB8,2
Q6PEX7,1
Q6PEY0,2
Q6PEY1,2
Q6PHW0,1
Q6PI25,2
Q6PI73,3
Q6PI78,2
Q6PIS1,2
Q6PIU1,2
Q6PIU2,2
Q6PIV7,1
Q6PIZ9,2
Q6PJF5,3
Q6PJG9,3
Q6PJI9,1
Q6PJW8,2
Q6PK18,1
Q6PKC3,1
Q6PL45,2
Q6PML9,1
Q6PP77,1
Q6PRD1,2
Q6PXP3,3
Q6Q0C1,1
Q6Q4G3,1
Q6Q8B3,3
Q6QAJ8,2
Q6QHC5,2
Q6QNK2,3
Q6RW13,2
Q6T423,2
Q6T4P5,2
Q6TCH4,2
Q6TCH7,2
Q6U736,3
Q6U841,3
Q6UE05,1
Q6UQ28,2
Q6UVK1,3
Q6UVM3,1
Q6UVW9,2
Q6UW02,1
Q6UW56,3
Q6UW68,2
Q6UW78,1
Q6UW88,3
Q6UWB1,4
Q6UWD8,2
Q6UWF3,1
Q6UWF5,1
Q6UWH4,1
Q6UWH6,2
Q6UWI2,3
Q6UWI4,2
Q6UWJ1,4
Q6UWJ8,3
Q6UWL2,4
Q6UWL6,3
Q6UWM7,2
Q6UWM9,2
Q6UWN0,1
Q6UWN5,1
Q6UWP7,2
Q6UWR7,1
Q6UWU4,2
Q6UWV2,3
Q6UWV7,1
Q6UWW9,2
Q6UX01,4
Q6UX15,4
Q6UX27,4
Q6UX34,1
Q6UX40,2
Q6UX41,2
Q6UX65,2
Q6UX68,1
Q6UX71,3
Q6UX72,1
Q6UX82,1
Q6UX98,1
Q6UXB3,1
Q6UXB4,4
Q6UXB8,3
Q6UXC1,3
Q6UXD1,1
Q6UXD5,3
Q6UXD7,3
Q6UXE8,4
Q6UXF1,2
Q6UXG2,3
Q6UXG3,3
Q6UXG8,4
Q6UXK2,2
Q6UXK5,3
Q6UXL0,3
Q6UXM1,3
Q6UXN7,1
Q6UXN8,3
Q6UXN9,1
Q6UXP3,1
Q6UXU4,2
Q6UXU6,2
Q6UXV0,3
Q6UXV1,1
Q6UXV4,1
Q6UXX9,1
Q6UXY8,2
Q6UXZ0,3
Q6UXZ3,2
Q6UXZ4,1
Q6UY09,2
Q6UY11,3
Q6UY18,3
Q6V0I7,3
Q6V0L0,1
Q6V1P9,3
Q6V1X1,1
Q6W3E5,2
Q6W5P4,4
Q6XPS3,1
Q6XR72,2
Q6XYQ8,2
Q6Y1H2,1
Q6Y288,1
Q6Y2X3,2
Q6YBV0,2
Q6YHK3,3
Q6YI46,2
Q6ZMB0,1
Q6ZMB5,2
Q6ZMC9,3
Q6ZMD2,3
Q6ZMG9,1
Q6ZMH5,3
Q6ZMI3,2
Q6ZMJ2,3
Q6ZMK1,1
Q6ZMQ8,1
Q6ZMR5,1
Q6ZMZ0,2
Q6ZMZ3,1
Q6ZN44,3
Q6ZNA5,3
Q6ZNB6,1
Q6ZNB7,1
Q6ZNC8,1
Q6ZNI0,1
Q6ZNR0,1
Q6ZP29,3
Q6ZP80,3
Q6ZPD8,1
Q6ZPD9,3
Q6ZQN7,4
Q6ZQQ2,1
Q6ZRH7,3
Q6ZRP7,2
Q6ZRR5,2
Q6ZS10,4
Q6ZS81,1
Q6ZS82,2
Q6ZSA7,2
Q6ZSJ9,1
Q6ZSM3,3
Q6ZSS7,2
Q6ZSY5,3
Q6ZT12,1
Q6ZT21,1
Q6ZT89,1
Q6ZTQ4,2
Q6ZTR5,2
Q6ZU64,2
Q6ZU69,1
Q6ZUB0,1
Q6ZUB1,1
Q6ZUK4,3
Q6ZUT9,1
Q6ZUX7,3
Q6ZV29,1
Q6ZVE7,1
Q6ZVK1,2
Q6ZVL6,2
Q6ZVN8,3
Q6ZVX9,2
Q6ZW05,3
Q6ZWK6,2
Q6ZWL3,1
Q6ZWT7,2
Q6ZXV5,1
Q70CQ3,1
Q70JA7,1
Q70SY1,1
Q70UQ0,1
Q70Z44,3
Q71H61,2
Q71RG4,1
Q71RH2,1
Q71RS6,3
Q75NE6,1
Q75T13,3
Q75V66,3
Q76EJ3,2
Q76KP1,1
Q76LX8,1
Q76MJ5,1
Q7KYR7,4
Q7L0J3,3
Q7L0L9,1
Q7L0X0,2
Q7L190,1
Q7L1I2,2
Q7L1S5,1
Q7L1W4,3
Q7L211,2
Q7L311,2
Q7L4E1,1
Q7L513,1
Q7L5A8,1
Q7L5L3,2
Q7L5N7,2
Q7L8C5,1
Q7L985,3
Q7LBE3,3
Q7LFX5,3
Q7LG56,1
Q7LGA3,1
Q7LGC8,1
Q7RTM1,2
Q7RTP0,2
Q7RTR8,2
Q7RTS5,2
Q7RTS6,3
Q7RTT9,2
Q7RTU9,2
Q7RTW8,1
Q7RTX0,3
Q7RTX1,3
Q7RTX7,2
Q7RTX9,2
Q7RTY0,2
Q7RTY1,2
Q7RTY3,1
Q7RTY8,1
Q7RTY9,1
Q7Z2D5,2
Q7Z2H8,2
Q7Z2K6,2
Q7Z2Q7,1
Q7Z2W7,2
Q7Z388,2
Q7Z3B0,1
Q7Z3B1,2
Q7Z3C6,3
Q7Z3D4,3
Q7Z3F1,3
Q7Z3J2,1
Q7Z3Q1,3
Q7Z3S7,1
Q7Z3T1,3
Q7Z402,3
Q7Z403,2
Q7Z404,2
Q7Z407,3
Q7Z408,3
Q7Z410,2
Q7Z412,1
Q7Z418,3
Q7Z419,2
Q7Z429,2
Q7Z434,2
Q7Z442,3
Q7Z443,2
Q7Z449,1
Q7Z4F1,4
Q7Z4J2,1
Q7Z4L0,2
Q7Z4N2,2
Q7Z4T8,1
Q7Z4W3,1
Q7Z553,3
Q7Z5B4,2
Q7Z5H4,2
Q7Z5H5,2
Q7Z5J8,1
Q7Z5M5,1
Q7Z5N4,3
Q7Z5S9,2
Q7Z601,3
Q7Z602,2
Q7Z692,3
Q7Z695,1
Q7Z6A9,4
Q7Z6J6,1
Q7Z6L0,1
Q7Z6M3,3
Q7Z6W1,2
Q7Z7B7,1
Q7Z7B8,1
Q7Z7D3,3
Q7Z7H5,1
Q7Z7J7,3
Q7Z7M0,3
Q7Z7M1,3
Q7Z7M8,1
Q7Z7M9,1
Q7Z7N9,2
Q86SF2,1
Q86SJ2,3
Q86SJ6,2
Q86SK9,1
Q86SM5,2
Q86SM8,2
Q86SP6,3
Q86SQ3,2
Q86SQ4,3
Q86SQ6,2
Q86SR1,1
Q86SS6,2
Q86SU0,3
Q86T03,2
Q86T13,3
Q86T26,2
Q86T96,1
Q86TG1,3
Q86TL2,3
Q86TM6,1
Q86TY3,3
Q86U02,1
Q86UB9,2
Q86UD3,2
Q86UD5,2
Q86UE4,1
Q86UE6,1
Q86UF1,4
Q86UF2,1
Q86UG4,3
Q86UK0,4
Q86UK5,3
Q86UL3,2
Q86UN2,2
Q86UN3,2
Q86UP0,3
Q86UP2,1
Q86UP6,2
Q86UP9,2
Q86UQ4,4
Q86UQ5,1
Q86UV5,1
Q86UW1,2
Q86UW2,3
Q86V24,3
Q86V35,2
Q86V40,1
Q86V85,3
Q86VB7,4
Q86VD9,2
Q86VE9,3
Q86VF5,1
Q86VH4,3
Q86VH5,3
Q86VI4,2
Q86VL8,2
Q86VR2,2
Q86VR7,2
Q86VU5,1
Q86VW1,4
Q86VY9,2
Q86VZ1,3
Q86VZ4,3
Q86W10,1
Q86W33,3
Q86W47,3
Q86W74,2
Q86WA9,2
Q86WB7,3
Q86WC4,3
Q86WG3,1
Q86WI0,3
Q86WI1,2
Q86WK6,3
Q86WK7,2
Q86WK9,1
Q86WS5,1
Q86WV6,1
Q86X19,1
Q86X29,2
Q86X52,1
Q86XA0,1
Q86XE3,1
Q86XJ0,1
Q86XK7,3
Q86XL3,1
Q86XM0,3
Q86XQ3,2
Q86XR5,3
Q86XS8,3
Q86XT9,3
Q86XX4,3
Q86Y07,2
Q86Y22,1
Q86Y34,2
Q86Y39,1
Q86Y82,1
Q86YA3,1
Q86YC3,3
Q86YD3,2
Q86YD5,3
Q86YJ5,2
Q86YL7,2
Q86YS3,1
Q86YT5,2
Q86YT9,4
Q86YW5,3
Q86Z14,2
Q8IU57,4
Q8IU68,2
Q8IU80,3
Q8IU89,1
Q8IU99,2
Q8IUA7,4
Q8IUB9,1
Q8IUC8,1
Q8IUH4,1
Q8IUH5,1
Q8IUH8,2
Q8IUK5,3
Q8IUN9,3
Q8IUR5,2
Q8IUS5,1
Q8IUW5,2
Q8IUX1,2
Q8IUY3,2
Q8IV01,1
Q8IV08,2
Q8IV16,2
Q8IV31,2
Q8IV45,1
Q8IV77,1
Q8IVB4,2
Q8IVJ1,4
Q8IVJ8,2
Q8IVM8,2
Q8IVQ6,2
Q8IVU1,3
Q8IVV8,2
Q8IVW8,1
Q8IVY1,2
Q8IW00,3
Q8IW52,3
Q8IW70,1
Q8IWA4,1
Q8IWA5,3
Q8IWB4,1
Q8IWB9,2
Q8IWD5,2
Q8IWK6,3
Q8IWR1,1
Q8IWT1,3
Q8IWT6,3
Q8IWU2,2
Q8IWU4,2
Q8IWU5,1
Q8IWU6,1
Q8IWV1,3
Q8IWV2,1
Q8IWX5,2
Q8IWY4,1
Q8IWY9,1
Q8IX05,4
Q8IX19,2
Q8IX30,1
Q8IX94,1
Q8IXA5,1
Q8IXB3,2
Q8IXE1,2
Q8IXF9,1
Q8IXH8,3
Q8IXI1,2
Q8IXI2,2
Q8IXK2,1
Q8IXM6,1
Q8IXU6,3
Q8IXX5,2
Q8IY17,1
Q8IY26,2
Q8IY34,3
Q8IY49,2
Q8IY50,2
Q8IY95,1
Q8IYD8,1
Q8IYJ0,1
Q8IYL9,4
Q8IYM1,1
Q8IYP9,1
Q8IYR6,3
Q8IYS0,2
Q8IYS2,1
Q8IYT2,1
Q8IYV9,3
Q8IZ08,2
Q8IZ52,1
Q8IZ57,2
Q8IZ96,3
Q8IZA0,2
Q8IZD6,2
Q8IZF0,2
Q8IZF2,3
Q8IZF3,3
Q8IZF4,2
Q8IZF5,2
Q8IZF6,3
Q8IZF7,2
Q8IZJ1,4
Q8IZK6,3
Q8IZM9,2
Q8IZN3,2
Q8IZP7,1
Q8IZP9,3
Q8IZR5,1
Q8IZS7,2
Q8IZS8,1
Q8IZT8,1
Q8IZU8,2
Q8IZU9,3
Q8IZV2,1
Q8IZV5,2
Q8IZY2,4
Q8J025,3
Q8N0U2,2
Q8N0U8,1
Q8N0V5,1
Q8N0W4,3
Q8N0W7,1
Q8N0Y3,3
Q8N0Y5,3
Q8N0Z9,2
Q8N104,1
Q8N109,4
Q8N111,2
Q8N112,1
Q8N114,1
Q8N118,1
Q8N126,3
Q8N127,3
Q8N130,3
Q8N131,4
Q8N138,2
Q8N139,4
Q8N144,2
Q8N146,3
Q8N148,3
Q8N149,3
Q8N158,1
Q8N162,3
Q8N1C3,3
Q8N1L4,1
Q8N1M1,2
Q8N1N0,3
Q8N1N2,3
Q8N1S5,2
Q8N1Y9,1
Q8N201,1
Q8N205,2
Q8N271,4
Q8N292,1
Q8N2A8,1
Q8N2C7,1
Q8N2F6,1
Q8N2G4,1
Q8N2H4,1
Q8N2K0,3
Q8N2K1,1
Q8N2M4,2
Q8N2Q7,3
Q8N2U0,2
Q8N2U9,2
Q8N326,2
Q8N349,2
Q8N350,2
Q8N357,2
Q8N370,3
Q8N386,4
Q8N387,3
Q8N394,2
Q8N3E9,1
Q8N3F9,2
Q8N3G9,2
Q8N3J6,3
Q8N3S3,1
Q8N3T1,1
Q8N3T6,2
Q8N3Y3,1
Q8N3Y7,1
Q8N414,1
Q8N423,4
Q8N428,1
Q8N434,3
Q8N441,3
Q8N468,2
Q8N474,1
Q8N490,1
Q8N4A0,1
Q8N4C9,2
Q8N4F4,1
Q8N4F7,2
Q8N4H5,1
Q8N4K4,2
Q8N4L1,1
Q8N4L2,2
Q8N4L4,2
Q8N4M1,2
Q8N4S7,2
Q8N4S9,2
Q8N4V1,1
Q8N4V2,2
Q8N4W6,2
Q8N511,2
Q8N539,2
Q8N5B7,1
Q8N5C1,3
Q8N5D6,1
Q8N5G0,1
Q8N5G2,1
Q8N5H3,1
Q8N5K1,2
Q8N5M9,1
Q8N5S1,1
Q8N5U1,3
Q8N5Y8,1
Q8N608,3
Q8N609,2
Q8N614,2
Q8N628,3
Q8N661,1
Q8N682,2
Q8N687,1
Q8N688,1
Q8N690,1
Q8N695,3
Q8N697,4
Q8N699,1
Q8N6C5,4
Q8N6C8,1
Q8N6D2,2
Q8N6F1,2
Q8N6G5,1
Q8N6K0,2
Q8N6L0,1
Q8N6L1,3
Q8N6L7,2
Q8N6M8,1
Q8N6P7,2
Q8N6Q1,2
Q8N6Q3,2
Q8N6R1,2
Q8N6S5,2
Q8N6U8,3
Q8N6Y1,3
Q8N743,4
Q8N755,2
Q8N7C0,2
Q8N7C4,2
Q8N7C7,2
Q8N7P1,2
Q8N7P3,2
Q8N7S6,1
Q8N7X8,1
Q8N808,2
Q8N816,1
Q8N8D7,2
Q8N8D9,1
Q8N8F6,1
Q8N8F7,3
Q8N8J7,2
Q8N8N0,2
Q8N8Q1,2
Q8N8Q9,2
Q8N8V8,1
Q8N8Z6,3
Q8N912,1
Q8N966,2
Q8N967,3
Q8N9A8,1
Q8N9F0,1
Q8N9F7,2
Q8N9I0,2
Q8N9I5,2
Q8N9M5,1
Q8N9R8,1
Q8N9W7,1
Q8N9X5,2
Q8NA29,2
Q8NA58,1
Q8NAC3,4
Q8NAN2,2
Q8NAT1,1
Q8NAU1,3
Q8NB49,2
Q8NB59,1
Q8NBD8,2
Q8NBF6,1
Q8NBI2,1
Q8NBI5,2
Q8NBI6,1
Q8NBJ4,1
Q8NBJ9,2
Q8NBL3,3
Q8NBM4,3
Q8NBN3,3
Q8NBP5,2
Q8NBP7,1
Q8NBQ7,2
Q8NBR0,2
Q8NBS3,1
Q8NBT3,3
Q8NBV4,1
Q8NBV8,2
Q8NBW4,2
Q8NBX0,1
Q8NBZ7,1
Q8NC01,4
Q8NC06,1
Q8NC24,1
Q8NC42,3
Q8NC44,2
Q8NC54,3
Q8NC67,3
Q8NCC5,3
Q8NCG5,1
Q8NCG7,2
Q8NCH0,1
Q8NCK7,2
Q8NCL4,1
Q8NCL8,2
Q8NCM2,2
Q8NCR0,1
Q8NCR9,2
Q8NCS7,3
Q8NCU8,1
Q8NCW0,4
Q8NCW6,1
Q8ND61,1
Q8ND94,3
Q8NDB6,1
Q8NDV1,1
Q8NDV2,2
Q8NDX2,3
Q8NDY8,2
Q8NDZ6,1
Q8NE00,3
Q8NE01,2
Q8NE79,3
Q8NE86,1
Q8NEA5,3
Q8NEB5,2
Q8NEC5,2
Q8NEQ5,2
Q8NER1,3
Q8NER5,2
Q8NES3,1
Q8NES8,1
Q8NET1,1
Q8NET5,3
Q8NET6,1
Q8NET8,2
Q8NEW0,2
Q8NEW7,2
Q8NF37,2
Q8NF91,1
Q8NFB2,1
Q8NFF2,3
Q8NFJ5,3
Q8NFJ6,4
Q8NFK1,3
Q8NFL0,1
Q8NFM4,2
Q8NFM7,3
Q8NFN8,3
Q8NFP4,1
Q8NFQ8,2
Q8NFR3,2
Q8NFR9,3
Q8NFT2,1
Q8NFT8,3
Q8NFU0,3
Q8NFU1,3
Q8NFY4,3
Q8NFZ3,3
Q8NFZ4,3
Q8NFZ6,3
Q8NFZ8,3
Q8NG04,2
Q8NG11,2
Q8NG75,2
Q8NG76,2
Q8NG77,3
Q8NG78,3
Q8NG80,2
Q8NG81,3
Q8NG83,3
Q8NG84,3
Q8NG85,2
Q8NG92,3
Q8NG94,2
Q8NG95,3
Q8NG97,3
Q8NG98,2
Q8NG99,3
Q8NGA0,2
Q8NGA1,2
Q8NGA2,2
Q8NGA4,2
Q8NGA5,2
Q8NGA6,2
Q8NGA8,2
Q8NGB2,2
Q8NGB4,2
Q8NGB6,3
Q8NGB8,3
Q8NGB9,2
Q8NGC0,2
Q8NGC1,2
Q8NGC2,3
Q8NGC3,3
Q8NGC4,3
Q8NGC5,2
Q8NGC6,2
Q8NGC7,2
Q8NGC8,2
Q8NGC9,3
Q8NGD0,3
Q8NGD1,2
Q8NGD2,2
Q8NGD3,2
Q8NGD4,2
Q8NGD5,2
Q8NGE0,2
Q8NGE1,3
Q8NGE2,2
Q8NGE3,3
Q8NGE5,3
Q8NGE7,2
Q8NGE8,3
Q8NGE9,3
Q8NGF0,3
Q8NGF1,3
Q8NGF3,3
Q8NGF4,3
Q8NGF6,2
Q8NGF7,3
Q8NGF8,2
Q8NGF9,2
Q8NGG0,3
Q8NGG1,2
Q8NGG2,2
Q8NGG3,3
Q8NGG4,3
Q8NGG5,3
Q8NGG6,2
Q8NGG7,3
Q8NGG8,3
Q8NGH3,3
Q8NGH5,3
Q8NGH6,2
Q8NGH7,3
Q8NGH8,3
Q8NGH9,3
Q8NGI0,3
Q8NGI1,1
Q8NGI2,3
Q8NGI3,1
Q8NGI4,3
Q8NGI6,3
Q8NGI7,3
Q8NGI8,2
Q8NGI9,2
Q8NGJ0,3
Q8NGJ1,2
Q8NGJ2,2
Q8NGJ3,2
Q8NGJ4,3
Q8NGJ5,3
Q8NGJ6,3
Q8NGJ7,3
Q8NGJ8,3
Q8NGJ9,3
Q8NGK0,2
Q8NGK1,3
Q8NGK2,3
Q8NGK3,3
Q8NGK4,3
Q8NGK5,3
Q8NGK6,3
Q8NGK9,3
Q8NGL0,3
Q8NGL1,3
Q8NGL2,3
Q8NGL3,3
Q8NGL4,3
Q8NGL6,2
Q8NGL7,2
Q8NGL9,3
Q8NGM1,3
Q8NGM8,3
Q8NGM9,2
Q8NGN0,3
Q8NGN1,3
Q8NGN2,3
Q8NGN3,2
Q8NGN4,3
Q8NGN5,3
Q8NGN6,3
Q8NGN7,2
Q8NGN8,2
Q8NGP0,3
Q8NGP2,3
Q8NGP3,3
Q8NGP4,3
Q8NGP6,3
Q8NGP8,2
Q8NGP9,3
Q8NGQ1,3
Q8NGQ2,3
Q8NGQ3,3
Q8NGQ4,2
Q8NGQ5,3
Q8NGQ6,3
Q8NGR1,3
Q8NGR2,3
Q8NGR3,2
Q8NGR4,3
Q8NGR5,3
Q8NGR6,2
Q8NGR8,3
Q8NGR9,3
Q8NGS0,3
Q8NGS1,3
Q8NGS2,3
Q8NGS3,3
Q8NGS4,3
Q8NGS5,3
Q8NGS6,3
Q8NGS7,3
Q8NGS8,2
Q8NGS9,2
Q8NGT0,2
Q8NGT1,2
Q8NGT2,2
Q8NGT5,3
Q8NGT7,2
Q8NGT9,2
Q8NGU1,1
Q8NGU2,3
Q8NGU4,2
Q8NGU9,2
Q8NGV0,2
Q8NGV5,3
Q8NGV6,2
Q8NGV7,2
Q8NGW1,3
Q8NGW6,3
Q8NGX0,3
Q8NGX1,2
Q8NGX2,3
Q8NGX3,2
Q8NGX5,2
Q8NGX6,2
Q8NGX8,3
Q8NGX9,2
Q8NGY0,3
Q8NGY1,2
Q8NGY2,3
Q8NGY3,3
Q8NGY5,2
Q8NGY6,3
Q8NGY7,1
Q8NGY9,3
Q8NGZ0,1
Q8NGZ2,3
Q8NGZ3,2
Q8NGZ4,3
Q8NGZ5,3
Q8NGZ6,3
Q8NGZ9,2
Q8NH00,3
Q8NH01,3
Q8NH02,3
Q8NH03,2
Q8NH04,3
Q8NH05,3
Q8NH06,1
Q8NH07,1
Q8NH08,2
Q8NH09,3
Q8NH10,3
Q8NH16,2
Q8NH18,3
Q8NH19,2
Q8NH21,2
Q8NH37,3
Q8NH40,3
Q8NH41,2
Q8NH42,2
Q8NH43,2
Q8NH48,3
Q8NH49,3
Q8NH50,3
Q8NH51,3
Q8NH53,3
Q8NH54,3
Q8NH55,2
Q8NH56,3
Q8NH57,2
Q8NH59,3
Q8NH60,3
Q8NH61,3
Q8NH63,2
Q8NH64,3
Q8NH67,3
Q8NH69,2
Q8NH70,2
Q8NH72,3
Q8NH73,3
Q8NH74,3
Q8NH76,3
Q8NH79,3
Q8NH80,2
Q8NH81,2
Q8NH83,2
Q8NH85,3
Q8NH87,3
Q8NH89,2
Q8NH90,3
Q8NH92,3
Q8NH93,3
Q8NH94,3
Q8NH95,1
Q8NHA4,3
Q8NHA6,1
Q8NHA8,2
Q8NHB1,2
Q8NHB7,3
Q8NHB8,3
Q8NHC4,2
Q8NHC5,3
Q8NHC6,2
Q8NHC7,2
Q8NHC8,2
Q8NHE4,2
Q8NHH9,1
Q8NHJ6,3
Q8NHK3,4
Q8NHL6,4
Q8NHP6,2
Q8NHS1,2
Q8NHS3,3
Q8NHU3,1
Q8NHV5,1
Q8NHX9,2
Q8NHY0,1
Q8NI17,4
Q8NI32,1
Q8TAA9,1
Q8TAB3,3
Q8TAC9,2
Q8TAD4,3
Q8TAE7,2
Q8TAF8,3
Q8TAQ9,1
Q8TAV3,1
Q8TAV4,1
Q8TAZ6,2
Q8TB36,2
Q8TB61,2
Q8TB68,1
Q8TB96,4
Q8TBA6,2
Q8TBB6,3
Q8TBE1,2
Q8TBE3,3
Q8TBE7,2
Q8TBF5,2
Q8TBG9,3
Q8TBJ4,1
Q8TBM7,2
Q8TBM8,1
Q8TBP5,2
Q8TBP6,1
Q8TBQ9,1
Q8TBR7,2
Q8TC12,1
Q8TC26,2
Q8TC27,3
Q8TC36,1
Q8TC41,2
Q8TCB6,3
Q8TCC7,3
Q8TCG1,1
Q8TCG5,1
Q8TCJ2,3
Q8TCP9,2
Q8TCQ1,1
Q8TCT6,2
Q8TCT7,2
Q8TCT8,3
Q8TCT9,2
Q8TCU3,2
Q8TCU5,3
Q8TCW7,3
Q8TCW9,4
Q8TCY0,1
Q8TCY5,1
Q8TCZ2,2
Q8TD07,4
Q8TD20,2
Q8TD43,2
Q8TD46,3
Q8TD84,3
Q8TDB4,1
Q8TDB8,3
Q8TDD5,2
Q8TDF5,3
Q8TDI7,2
Q8TDI8,1
Q8TDM5,1
Q8TDN1,3
Q8TDN2,2
Q8TDQ0,4
Q8TDQ1,4
Q8TDS4,4
Q8TDS5,4
Q8TDS7,3
Q8TDT2,2
Q8TDU6,4
Q8TDU9,3
Q8TDV0,3
Q8TDV2,3
Q8TDV5,3
Q8TDW0,2
Q8TDW4,2
Q8TDW7,2
Q8TDX5,1
Q8TDX6,1
Q8TDX9,3
Q8TDY8,3
Q8TE23,3
Q8TE54,2
Q8TE99,1
Q8TEB7,3
Q8TEB9,2
Q8TED1,1
Q8TED4,3
Q8TEF2,1
Q8TEM1,1
Q8TEQ8,2
Q8TEY5,1
Q8TEZ7,2
Q8TF08,1
Q8TF62,3
Q8TF66,3
Q8TF71,2
Q8WTQ1,1
Q8WTR4,3
Q8WTT0,2
Q8WTV0,3
Q8WTX9,2
Q8WU17,1
Q8WU66,1
Q8WU67,1
Q8WUD6,3
Q8WUG5,3
Q8WUH6,1
Q8WUM9,2
Q8WUS8,1
Q8WUT4,3
Q8WUT9,1
Q8WUU8,2
Q8WUX1,2
Q8WUY8,1
Q8WV15,3
Q8WV19,2
Q8WV48,1
Q8WV83,2
Q8WVC6,1
Q8WVE6,3
Q8WVE7,1
Q8WVN6,2
Q8WVP7,3
Q8WVQ1,1
Q8WVV5,4
Q8WVX3,1
Q8WVX9,2
Q8WVZ1,2
Q8WVZ7,2
Q8WW34,1
Q8WW43,2
Q8WW52,1
Q8WW62,1
Q8WWA0,1
Q8WWA1,2
Q8WWB7,3
Q8WWF3,2
Q8WWF5,2
Q8WWG1,3
Q8WWG9,3
Q8WWI5,4
Q8WWL2,1
Q8WWP7,1
Q8WWQ8,4
Q8WWT9,3
Q8WWU5,1
Q8WWV6,3
Q8WWX8,2
Q8WWZ4,3
Q8WWZ7,2
Q8WXA8,3
Q8WXD0,2
Q8WXF7,1
Q8WXG9,3
Q8WXH0,1
Q8WXH2,1
Q8WXI7,3
Q8WXI8,2
Q8WXS4,3
Q8WXS5,3
Q8WY07,3
Q8WY21,3
Q8WY22,2
Q8WY98,2
Q8WYK1,3
Q8WYL5,1
Q8WZ04,1
Q8WZ55,2
Q8WZ59,2
Q8WZ71,2
Q8WZ75,1
Q8WZ84,2
Q8WZ92,3
Q8WZ94,3
Q8WZA1,1
Q8WZA6,2
Q902F8,2
Q902F9,2
Q92185,1
Q92186,1
Q92187,1
Q92478,2
Q92482,3
Q92504,2
Q92508,3
Q92521,1
Q92535,1
Q92536,4
Q92537,4
Q92542,3
Q92543,1
Q92544,3
Q92545,1
Q92581,2
Q92604,2
Q92611,1
Q92617,1
Q92629,3
Q92633,4
Q92637,3
Q92643,1
Q92673,4
Q92692,3
Q92729,4
Q92736,2
Q92752,1
Q92806,2
Q92813,1
Q92819,2
Q92823,3
Q92824,2
Q92838,2
Q92839,1
Q92843,1
Q92847,3
Q92854,4
Q92859,4
Q92887,3
Q92896,1
Q92911,3
Q92932,2
Q92935,1
Q92952,2
Q92953,2
Q92956,4
Q92959,2
Q92968,1
Q92982,3
Q93033,4
Q93038,3
Q93050,2
Q93063,1
Q93070,2
Q93084,1
Q93086,3
Q95365,4
Q95460,4
Q95604,4
Q95IE3,4
Q969E2,2
Q969F0,2
Q969F8,2
Q969I6,2
Q969K7,2
Q969L2,2
Q969M2,2
Q969M3,1
Q969N2,2
Q969N4,3
Q969P0,4
Q969S0,1
Q969S6,2
Q969V1,2
Q969V3,1
Q969V5,2
Q969W0,2
Q969W1,1
Q969W9,3
Q969X1,3
Q969X2,2
Q969X5,1
Q969Z4,4
Q96A11,1
Q96A25,3
Q96A26,2
Q96A28,4
Q96A29,1
Q96A33,1
Q96A54,2
Q96A57,1
Q96A59,2
Q96AA3,1
Q96AC1,1
Q96AD5,2
Q96AG3,1
Q96AG4,2
Q96AJ9,2
Q96AM1,3
Q96AN5,2
Q96AP7,4
Q96AQ2,2
Q96AQ8,3
Q96AW1,2
Q96B21,2
Q96B33,2
Q96B42,2
Q96B77,2
Q96B86,2
Q96B96,2
Q96BA8,1
Q96BD0,3
Q96BF3,2
Q96BI1,1
Q96BM0,1
Q96BY9,2
Q96BZ4,2
Q96BZ9,2
Q96C03,1
Q96CC6,2
Q96CE8,4
Q96CH1,2
Q96CP6,2
Q96CP7,2
Q96CU9,1
Q96CW9,1
Q96D05,2
Q96D31,2
Q96D42,4
Q96D53,1
Q96D59,2
Q96D96,3
Q96DA6,1
Q96DB9,3
Q96DC7,1
Q96DD7,3
Q96DL1,1
Q96DS6,2
Q96DU3,4
Q96DX8,1
Q96DZ7,1
Q96DZ9,1
Q96E16,1
Q96E52,2
Q96E93,4
Q96EC8,1
Q96EP9,3
Q96ER9,2
Q96ES6,1
Q96ET8,1
Q96EU7,1
Q96EX1,1
Q96EX2,2
Q96F05,3
Q96F15,1
Q96F25,1
Q96F46,4
Q96F81,2
Q96FB5,1
Q96FE5,3
Q96FE7,3
Q96FL8,3
Q96FL9,1
Q96FM1,1
Q96FT7,2
Q96FV3,3
Q96FX8,2
Q96FZ5,3
Q96G27,2
Q96G30,2
Q96G91,4
Q96GC9,1
Q96GE9,2
Q96GF1,2
Q96GM1,1
Q96GP6,2
Q96GQ5,2
Q96GR4,2
Q96GW7,1
Q96GX1,2
Q96GX5,1
Q96GZ6,2
Q96H15,4
Q96H72,1
Q96H96,2
Q96HA1,1
Q96HA4,2
Q96HA9,1
Q96HD1,1
Q96HE8,2
Q96HH4,2
Q96HH6,1
Q96HH9,1
Q96HJ5,2
Q96HP8,1
Q96HR9,2
Q96HS1,1
Q96HV5,1
Q96I36,1
Q96I45,1
Q96IK0,2
Q96IQ7,3
Q96IV6,2
Q96IX5,1
Q96IZ2,1
Q96J42,3
Q96J65,1
Q96J66,2
Q96J84,3
Q96J86,2
Q96J88,1
Q96JA1,4
Q96JA4,1
Q96JF0,1
Q96JI7,1
Q96JJ6,1
Q96JJ7,3
Q96JN2,2
Q96JP9,2
Q96JQ0,3
Q96JQ2,2
Q96JQ5,3
Q96JT2,1
Q96JW4,3
Q96JX3,1
Q96K12,2
Q96K19,2
Q96K21,1
Q96K37,1
Q96K49,3
Q96K78,3
Q96KA5,1
Q96KC8,1
Q96KF7,1
Q96KG7,3
Q96KJ4,2
Q96KK3,4
Q96KK4,2
Q96KN9,2
Q96KR4,1
Q96KR6,2
Q96KT7,2
Q96KV6,3
Q96L08,4
Q96L42,1
Q96L58,1
Q96LA5,4
Q96LA6,4
Q96LA9,3
Q96LB0,3
Q96LB1,4
Q96LB2,3
Q96LC7,4
Q96LD1,3
Q96LL3,1
Q96LL9,1
Q96LR9,1
Q96LT4,2
Q96LU7,1
Q96LW7,1
Q96LZ7,1
Q96M19,1
Q96MC6,3
Q96MH6,1
Q96MM7,2
Q96MS0,3
Q96MT1,1
Q96MU8,4
Q96MV1,2
Q96MV8,2
Q96MX0,2
Q96MZ0,1
Q96N19,2
Q96N23,1
Q96N66,2
Q96N68,1
Q96N87,3
Q96NA8,2
Q96ND0,2
Q96NF6,1
Q96NI6,3
Q96NL1,2
Q96NR3,3
Q96NT5,3
Q96NU0,2
Q96NY7,1
Q96NY8,3
Q96P31,4
Q96P56,1
Q96P65,3
Q96P66,3
Q96P67,2
Q96P68,3
Q96P69,2
Q96P88,2
Q96PB1,2
Q96PB8,2
Q96PD2,3
Q96PD7,1
Q96PE1,2
Q96PE3,1
Q96PE5,3
Q96PG2,1
Q96PH1,2
Q96PH6,1
Q96PJ5,4
Q96PL2,1
Q96PL5,3
Q96PN6,1
Q96PQ0,3
Q96PQ1,4
Q96PR1,2
Q96PS8,3
Q96PX8,3
Q96PZ7,4
Q96Q04,1
Q96Q45,1
Q96Q80,1
Q96Q91,2
Q96QD8,3
Q96QE2,3
Q96QE4,3
Q96QI5,1
Q96QK8,2
Q96QS1,3
Q96QT4,2
Q96QU1,4
Q96QV1,1
Q96QZ0,2
Q96R08,3
Q96R09,2
Q96R27,2
Q96R28,3
Q96R30,3
Q96R45,2
Q96R47,2
Q96R48,2
Q96R54,1
Q96R67,2
Q96R69,2
Q96R72,1
Q96R84,2
Q96RA2,3
Q96RB7,3
Q96RC9,3
Q96RD0,3
Q96RD1,3
Q96RD2,2
Q96RD3,3
Q96RD6,3
Q96RD7,4
Q96RD9,4
Q96RI0,4
Q96RI8,2
Q96RI9,3
Q96RJ0,3
Q96RJ3,3
Q96RL6,2
Q96RN1,3
Q96RP7,1
Q96RP8,2
Q96RQ1,1
Q96RT6,1
Q96RV3,2
Q96S06,1
Q96S37,3
Q96S52,1
Q96S66,1
Q96S97,4
Q96SA4,3
Q96SE0,3
Q96SJ8,2
Q96SK2,2
Q96SL1,2
Q96SN7,2
Q96T52,1
Q96T53,1
Q96T54,2
Q96T55,1
Q96T83,2
Q96TA0,1
Q96TA2,1
Q96TC7,1
Q99062,4
Q99075,4
Q99102,3
Q99217,1
Q99250,3
Q99437,2
Q99442,1
Q99445,1
Q99463,1
Q99466,3
Q99467,4
Q99500,4
Q99523,2
Q99527,3
Q99571,4
Q99572,3
Q99595,1
Q99624,2
Q99643,1
Q99650,3
Q99665,4
Q99677,3
Q99678,3
Q99679,3
Q99680,2
Q99705,3
Q99706,3
Q99712,2
Q99720,1
Q99726,2
Q99735,1
Q99758,3
Q99788,4
Q99795,3
Q99805,3
Q99808,3
Q99835,4
Q99884,3
Q99928,3
Q99941,1
Q99942,1
Q99943,1
Q99946,2
Q99965,3
Q99999,1
Q9BPV8,4
Q9BPW4,1
Q9BQ31,3
Q9BQ51,4
Q9BQA9,1
Q9BQD7,1
Q9BQE4,1
Q9BQE5,1
Q9BQG1,2
Q9BQI7,1
Q9BQJ4,1
Q9BQQ7,1
Q9BQS2,1
Q9BQS7,3
Q9BQT9,3
Q9BR10,1
Q9BR39,1
Q9BRB3,2
Q9BRI3,1
Q9BRK0,2
Q9BRK3,3
Q9BRL7,1
Q9BRN9,3
Q9BRQ5,3
Q9BRQ8,1
Q9BRR3,1
Q9BRV3,2
Q9BRY0,2
Q9BS26,1
Q9BS91,1
Q9BSA4,4
Q9BSA9,1
Q9BSE2,1
Q9BSE4,2
Q9BSJ5,2
Q9BSJ8,2
Q9BSK0,2
Q9BSN7,3
Q9BSR8,1
Q9BT22,1
Q9BT67,2
Q9BT76,2
Q9BT88,1
Q9BTD3,2
Q9BTN0,3
Q9BTV4,2
Q9BTV5,1
Q9BTX1,2
Q9BTX3,1
Q9BU23,1
Q9BU79,1
Q9BUB7,2
Q9BUF7,3
Q9BUJ0,1
Q9BUM1,1
Q9BUN8,1
Q9BUV8,1
Q9BV23,1
Q9BV40,1
Q9BV81,2
Q9BV87,1
Q9BVA6,1
Q9BVC6,2
Q9BVG9,2
Q9BVH7,1
Q9BVI4,1
Q9BVK6,1
Q9BVK8,2
Q9BVT8,2
Q9BVV7,2
Q9BVV8,1
Q9BVX2,1
Q9BW60,1
Q9BW72,2
Q9BWL3,1
Q9BWM7,1
Q9BWQ6,2
Q9BWQ8,3
Q9BWV1,3
Q9BWV2,1
Q9BWW8,1
Q9BX51,1
Q9BX67,4
Q9BX73,3
Q9BX74,3
Q9BX79,1
Q9BX84,1
Q9BX95,2
Q9BX97,2
Q9BXA5,3
Q9BXB1,2
Q9BXC0,2
Q9BXC1,2
Q9BXE9,1
Q9BXI2,1
Q9BXJ7,4
Q9BXJ8,2
Q9BXK5,1
Q9BXM7,1
Q9BXN2,4
Q9BXP2,3
Q9BXQ6,1
Q9BXR5,4
Q9BXS0,2
Q9BXS4,2
Q9BXS9,3
Q9BXT2,3
Q9BXU9,2
Q9BY07,3
Q9BY08,1
Q9BY10,3
Q9BY14,1
Q9BY15,3
Q9BY19,1
Q9BY21,3
Q9BY50,1
Q9BY64,1
Q9BY67,3
Q9BY71,2
Q9BY78,2
Q9BY79,3
Q9BYC5,1
Q9BYE2,3
Q9BYE9,2
Q9BYF1,4
Q9BYG0,1
Q9BYH1,2
Q9BYT1,3
Q9BYT9,3
Q9BYW1,2
Q9BYW3,1
Q9BZ11,2
Q9BZ76,3
Q9BZA7,3
Q9BZA8,3
Q9BZC7,2
Q9BZD2,2
Q9BZD6,2
Q9BZD7,2
Q9BZF1,1
Q9BZG2,4
Q9BZG9,1
Q9BZH6,1
Q9BZJ4,1
Q9BZJ6,4
Q9BZJ7,3
Q9BZJ8,4
Q9BZM4,1
Q9BZM5,4
Q9BZM6,3
Q9BZR6,2
Q9BZV2,3
Q9BZV3,3
Q9BZW2,2
Q9BZW4,1
Q9BZW5,2
Q9BZW8,3
Q9BZZ2,4
Q9C091,1
Q9C0A0,3
Q9C0B5,3
Q9C0B7,1
Q9C0C4,4
Q9C0D9,1
Q9C0E8,1
Q9C0H2,4
Q9C0I4,2
Q9C0J1,1
Q9C0K1,2
Q9GIP4,1
Q9GIY3,4
Q9GZK3,3
Q9GZK4,2
Q9GZK6,2
Q9GZK7,3
Q9GZM5,2
Q9GZM6,3
Q9GZN0,2
Q9GZN6,3
Q9GZP1,2
Q9GZP7,1
Q9GZP9,1
Q9GZQ4,3
Q9GZQ6,3
Q9GZR5,1
Q9GZS9,1
Q9GZT6,2
Q9GZU1,4
Q9GZU3,1
Q9GZV3,3
Q9GZW8,2
Q9GZX3,1
Q9GZY4,1
Q9GZY6,1
Q9GZY8,2
Q9GZZ6,2
Q9GZZ7,1
Q9GZZ9,1
Q9H013,4
Q9H015,3
Q9H061,1
Q9H0A3,1
Q9H0C3,1
Q9H0H0,1
Q9H0H5,1
Q9H0Q3,2
Q9H0R3,2
Q9H0U3,1
Q9H0V1,1
Q9H0V9,2
Q9H0X4,1
Q9H0X9,1
Q9H156,3
Q9H158,3
Q9H159,4
Q9H172,3
Q9H195,2
Q9H1B5,1
Q9H1C0,4
Q9H1C3,1
Q9H1C4,3
Q9H1C7,1
Q9H1D0,4
Q9H1E5,3
Q9H1J7,1
Q9H1K4,1
Q9H1M3,1
Q9H1M4,1
Q9H1N7,2
Q9H1U4,2
Q9H1U9,1
Q9H1V8,3
Q9H1X3,1
Q9H1Y3,4
Q9H1Z9,2
Q9H205,3
Q9H207,3
Q9H208,2
Q9H209,2
Q9H210,2
Q9H213,1
Q9H221,2
Q9H222,3
Q9H228,3
Q9H237,2
Q9H244,4
Q9H251,3
Q9H252,2
Q9H255,3
Q9H295,4
Q9H2A7,4
Q9H2A9,1
Q9H2B2,1
Q9H2B4,4
Q9H2C2,1
Q9H2C5,3
Q9H2C8,2
Q9H2D1,1
Q9H2E6,3
Q9H2F3,1
Q9H2H9,4
Q9H2J7,3
Q9H2L4,2
Q9H2Q1,2
Q9H2S1,2
Q9H2S6,2
Q9H2U9,3
Q9H2V7,2
Q9H2W1,4
Q9H2X3,4
Q9H2X9,2
Q9H2Y9,3
Q9H300,1
Q9H310,2
Q9H313,3
Q9H330,3
Q9H339,3
Q9H340,3
Q9H341,3
Q9H342,1
Q9H343,3
Q9H344,2
Q9H346,3
Q9H3H5,1
Q9H3K2,2
Q9H3M0,1
Q9H3N1,1
Q9H3N8,3
Q9H3Q3,1
Q9H3R1,1
Q9H3R2,4
Q9H3S1,3
Q9H3S3,3
Q9H3S5,1
Q9H3T2,1
Q9H3T3,3
Q9H3U5,2
Q9H3V2,2
Q9H3W5,3
Q9H3Z4,1
Q9H400,1
Q9H427,2
Q9H461,3
Q9H496,1
Q9H4A9,1
Q9H4B8,1
Q9H4D0,3
Q9H4F1,1
Q9H4I9,2
Q9H511,1
Q9H553,1
Q9H598,2
Q9H5I5,3
Q9H5J4,1
Q9H5K3,1
Q9H5V8,4
Q9H5Y7,3
Q9H665,3
Q9H6A9,1
Q9H6B4,4
Q9H6D3,2
Q9H6D8,3
Q9H6F2,2
Q9H6H4,2
Q9H6L2,2
Q9H6L5,2
Q9H6R6,1
Q9H6X2,4
Q9H6X4,2
Q9H6Y7,3
Q9H720,1
Q9H756,3
Q9H7F0,1
Q9H7F4,1
Q9H7M9,3
Q9H7T0,1
Q9H7V2,2
Q9H7Z7,1
Q9H813,2
Q9H819,1
Q9H841,3
Q9H8H3,1
Q9H8J5,3
Q9H8M5,2
Q9H8M9,2
Q9H8P0,2
Q9H8V3,1
Q9H8X9,2
Q9H902,1
Q9H920,2
Q9H936,1
Q9H9B4,1
Q9H9K5,2
Q9H9P2,4
Q9H9S3,1
Q9H9S5,2
Q9H9V4,2
Q9HA72,2
Q9HA82,1
Q9HAB3,4
Q9HAR2,1
Q9HAS3,4
Q9HAT1,1
Q9HAV5,3
Q9HB14,2
Q9HB15,2
Q9HB29,3
Q9HB89,4
Q9HBA0,3
Q9HBB8,2
Q9HBD1,1
Q9HBE5,4
Q9HBG4,2
Q9HBG7,4
Q9HBI6,1
Q9HBJ8,3
Q9HBL0,1
Q9HBL6,3
Q9HBL7,1
Q9HBM0,1
Q9HBR0,1
Q9HBT6,3
Q9HBU6,1
Q9HBU9,1
Q9HBV1,1
Q9HBV2,3
Q9HBW0,4
Q9HBW1,3
Q9HBW9,1
Q9HBX8,4
Q9HBX9,2
Q9HBY0,2
Q9HC07,1
Q9HC10,2
Q9HC24,3
Q9HC29,1
Q9HC47,1
Q9HC56,4
Q9HC58,2
Q9HC73,4
Q9HC97,3
Q9HCC8,3
Q9HCE9,1
Q9HCF6,3
Q9HCJ1,3
Q9HCJ2,3
Q9HCK4,3
Q9HCL0,3
Q9HCL2,1
Q9HCM2,2
Q9HCM3,1
Q9HCN3,2
Q9HCN6,4
Q9HCP6,2
Q9HCQ5,1
Q9HCT0,1
Q9HCU0,4
Q9HCU4,2
Q9HCU5,1
Q9HCX4,1
Q9HD20,2
Q9HD23,2
Q9HD36,1
Q9HD43,3
Q9HD45,4
Q9HDB5,3
Q9HDC5,1
Q9HDC9,2
Q9HDD0,1
Q9N2J8,2
Q9N2K0,2
Q9NNX6,2
Q9NNZ3,2
Q9NP58,1
Q9NP59,4
Q9NP60,3
Q9NP78,2
Q9NP80,1
Q9NP84,3
Q9NP85,1
Q9NP91,2
Q9NP94,2
Q9NP99,4
Q9NPA0,1
Q9NPA1,3
Q9NPA2,2
Q9NPB0,2
Q9NPB9,4
Q9NPC1,3
Q9NPC2,2
Q9NPC4,1
Q9NPD5,2
Q9NPD7,1
Q9NPF0,4
Q9NPF2,1
Q9NPG1,2
Q9NPG4,3
Q9NPG8,2
Q9NPH3,4
Q9NPH5,3
Q9NPI0,2
Q9NPI9,2
Q9NPL8,1
Q9NPR2,2
Q9NPR9,2
Q9NPU4,2
Q9NPY3,4
Q9NPZ5,1
Q9NQ11,3
Q9NQ25,4
Q9NQ34,3
Q9NQ40,3
Q9NQ60,3
Q9NQ84,3
Q9NQ90,3
Q9NQA5,4
Q9NQC3,1
Q9NQG6,1
Q9NQN1,2
Q9NQQ7,3
Q9NQR9,1
Q9NQS3,4
Q9NQS5,3
Q9NQW8,2
Q9NQX5,2
Q9NQX7,3
Q9NQZ7,1
Q9NR16,4
Q9NR34,1
Q9NR61,4
Q9NR71,1
Q9NR82,2
Q9NR96,3
Q9NR97,4
Q9NRA1,1
Q9NRA2,2
Q9NRB3,1
Q9NRC1,1
Q9NRD8,3
Q9NRD9,2
Q9NRJ7,3
Q9NRM0,4
Q9NRM6,4
Q9NRP0,1
Q9NRQ2,1
Q9NRQ5,2
Q9NRR2,3
Q9NRS4,2
Q9NRU3,1
Q9NRX5,3
Q9NRX6,2
Q9NRY6,1
Q9NRY7,1
Q9NRZ5,2
Q9NRZ7,2
Q9NS00,1
Q9NS40,2
Q9NS62,4
Q9NS64,3
Q9NS66,3
Q9NS67,2
Q9NS68,4
Q9NS69,1
Q9NS75,3
Q9NS82,3
Q9NS84,1
Q9NS93,4
Q9NSA0,3
Q9NSA2,2
Q9NSC7,1
Q9NSD5,3
Q9NSD7,2
Q9NSE7,1
Q9NSI5,1
Q9NSK7,2
Q9NST1,1
Q9NT68,2
Q9NT99,2
Q9NTG1,3
Q9NTI2,2
Q9NTJ5,2
Q9NTN3,1
Q9NTN9,3
Q9NTQ9,3
Q9NU53,3
Q9NUB4,1
Q9NUD9,1
Q9NUE0,1
Q9NUH8,2
Q9NUM3,3
Q9NUM4,3
Q9NUN5,3
Q9NUQ2,2
Q9NUR3,2
Q9NUU6,1
Q9NUV7,1
Q9NV12,2
Q9NV29,2
Q9NV58,2
Q9NV64,1
Q9NV92,2
Q9NV96,3
Q9NVA4,2
Q9NVC3,1
Q9NVI7,1
Q9NVM1,1
Q9NVV0,1
Q9NVV5,2
Q9NW15,2
Q9NW97,2
Q9NWC5,2
Q9NWD8,1
Q9NWF4,3
Q9NWH2,2
Q9NWQ8,1
Q9NWR8,2
Q9NWS6,1
Q9NWW5,2
Q9NWW9,2
Q9NX00,1
Q9NX14,1
Q9NX47,1
Q9NX52,2
Q9NX61,3
Q9NX62,1
Q9NX76,3
Q9NX77,2
Q9NX78,2
Q9NX94,2
Q9NX95,1
Q9NXB9,1
Q9NXE4,2
Q9NXF1,1
Q9NXF8,2
Q9NXG6,1
Q9NXH8,1
Q9NXI6,2
Q9NXJ0,1
Q9NXK6,2
Q9NXL6,2
Q9NXR1,1
Q9NXS2,2
Q9NXW2,2
Q9NY15,4
Q9NY25,3
Q9NY26,2
Q9NY28,1
Q9NY35,3
Q9NY37,3
Q9NY46,3
Q9NY59,1
Q9NY64,4
Q9NY72,3
Q9NY84,1
Q9NY91,3
Q9NY97,1
Q9NYB5,3
Q9NYG2,1
Q9NYG8,2
Q9NYJ7,2
Q9NYK1,4
Q9NYM4,2
Q9NYM9,1
Q9NYP7,2
Q9NYQ6,2
Q9NYQ7,2
Q9NYQ8,3
Q9NYR8,1
Q9NYV7,3
Q9NYV8,3
Q9NYV9,2
Q9NYW0,2
Q9NYW1,3
Q9NYW2,3
Q9NYW3,3
Q9NYW5,2
Q9NYW6,2
Q9NYW7,3
Q9NYX4,3
Q9NYZ1,1
Q9NYZ4,4
Q9NZ01,2
Q9NZ08,1
Q9NZ42,2
Q9NZ43,2
Q9NZ45,1
Q9NZ53,4
Q9NZ94,3
Q9NZA1,1
Q9NZC2,4
Q9NZC3,1
Q9NZD1,4
Q9NZG7,3
Q9NZH0,3
Q9NZJ7,1
Q9NZM1,3
Q9NZM6,2
Q9NZN1,4
Q9NZP0,3
Q9NZP2,3
Q9NZP5,2
Q9NZQ7,4
Q9NZQ8,3
Q9NZR2,3
Q9NZS2,4
Q9NZS9,2
Q9NZU0,3
Q9NZU1,3
Q9NZV1,3
Q9NZV8,2
Q9P003,2
Q9P035,3
Q9P055,1
Q9P0B6,2
Q9P0I2,2
Q9P0J0,1
Q9P0K1,3
Q9P0K9,2
Q9P0L0,2
Q9P0L9,2
Q9P0N5,2
Q9P0N8,2
Q9P0S3,2
Q9P0S9,2
Q9P0T7,2
Q9P0U1,1
Q9P0V8,4
Q9P0X4,3
Q9P109,1
Q9P121,2
Q9P126,4
Q9P1P4,1
Q9P1P5,2
Q9P1Q5,2
Q9P1W3,3
Q9P1W8,3
Q9P1Z3,2
Q9P1Z9,2
Q9P232,1
Q9P241,1
Q9P244,2
Q9P273,2
Q9P283,3
Q9P291,2
Q9P296,4
Q9P298,2
Q9P2B2,4
Q9P2C4,1
Q9P2E5,1
Q9P2E7,3
Q9P2E8,2
Q9P2E9,1
Q9P2J2,3
Q9P2K9,2
Q9P2S2,3
Q9P2U7,3
Q9P2U8,3
Q9P2V4,2
Q9P2W7,1
Q9P2W9,1
Q9P2X0,1
Q9TNN7,4
Q9TQE0,4
Q9UBD6,3
Q9UBG0,4
Q9UBH6,3
Q9UBI4,3
Q9UBJ2,2
Q9UBK5,3
Q9UBL9,3
Q9UBM1,1
Q9UBM7,1
Q9UBM8,1
Q9UBN1,3
Q9UBN4,3
Q9UBN6,4
Q9UBP0,1
Q9UBQ6,1
Q9UBR5,2
Q9UBS5,3
Q9UBS9,1
Q9UBU6,1
Q9UBV2,2
Q9UBV7,1
Q9UBX3,1
Q9UBX8,1
Q9UBY0,3
Q9UBY5,2
Q9UBY8,1
Q9UDX5,1
Q9UEF7,3
Q9UEU0,2
Q9UEW3,3
Q9UF02,3
Q9UF33,2
Q9UG22,3
Q9UGF5,3
Q9UGF6,3
Q9UGF7,3
Q9UGH3,2
Q9UGI6,3
Q9UGM1,3
Q9UGN4,4
Q9UGP8,1
Q9UGQ2,2
Q9UGQ3,4
Q9UGT4,3
Q9UH62,2
Q9UH99,1
Q9UHB6,1
Q9UHC3,1
Q9UHC6,3
Q9UHC9,2
Q9UHE5,2
Q9UHE8,1
Q9UHF3,2
Q9UHF4,4
Q9UHI5,2
Q9UHI7,4
Q9UHJ9,1
Q9UHM6,2
Q9UHN6,2
Q9UHP7,4
Q9UHQ9,1
Q9UHW9,3
Q9UHX3,4
Q9UI33,3
Q9UI40,3
Q9UIB8,4
Q9UIG8,3
Q9UII2,1
Q9UIJ5,1
Q9UIK5,4
Q9UIQ6,3
Q9UIR0,2
Q9UIW2,3
Q9UIX4,2
Q9UJ14,3
Q9UJ37,1
Q9UJ42,2
Q9UJ71,3
Q9UJ90,3
Q9UJ96,2
Q9UJ99,3
Q9UJA2,1
Q9UJA9,3
Q9UJG1,2
Q9UJQ1,3
Q9UK00,2
Q9UK17,2
Q9UK23,1
Q9UK28,2
Q9UKB5,3
Q9UKF2,3
Q9UKF5,3
Q9UKG4,3
Q9UKH3,2
Q9UKI3,1
Q9UKJ0,4
Q9UKJ1,4
Q9UKJ5,2
Q9UKJ8,3
Q9UKL2,3
Q9UKL4,3
Q9UKM7,1
Q9UKN1,2
Q9UKP4,1
Q9UKP6,2
Q9UKQ2,4
Q9UKR5,1
Q9UKR8,3
Q9UKU0,3
Q9UKU6,3
Q9UKV5,1
Q9UKX5,3
Q9UKY0,2
Q9UKY4,1
Q9UKZ4,3
Q9UL19,2
Q9UL25,1
Q9UL51,2
Q9UL52,2
Q9UL54,2
Q9UL62,1
Q9ULB1,3
Q9ULB4,3
Q9ULB5,3
Q9ULC0,4
Q9ULC5,2
Q9ULC8,2
Q9ULD2,1
Q9ULD6,1
Q9ULD8,1
Q9ULF5,2
Q9ULG6,2
Q9ULH0,2
Q9ULH4,3
Q9ULI3,2
Q9ULK0,3
Q9ULK5,2
Q9ULK6,3
Q9ULL4,2
Q9ULQ1,2
Q9ULS5,1
Q9ULS6,2
Q9ULT6,1
Q9ULV1,4
Q9ULW2,4
Q9ULX5,2
Q9ULX7,3
Q9ULY5,2
Q9ULZ3,1
Q9ULZ9,2
Q9UM00,2
Q9UM01,3
Q9UM21,1
Q9UM44,4
Q9UM47,2
Q9UM73,3
Q9UMD9,2
Q9UMF0,2
Q9UMR7,3
Q9UMX3,1
Q9UMX9,3
Q9UMZ3,2
Q9UN42,3
Q9UN66,3
Q9UN67,3
Q9UN70,3
Q9UN71,3
Q9UN72,2
Q9UN73,2
Q9UN74,2
Q9UN75,3
Q9UN76,3
Q9UN88,2
Q9UNA3,1
Q9UNE0,3
Q9UNG2,3
Q9UNK0,2
Q9UNN8,4
Q9UNP4,2
Q9UNQ0,4
Q9UNU6,1
Q9UNW8,4
Q9UNX9,2
Q9UP38,3
Q9UP52,3
Q9UP95,2
Q9UPC5,3
Q9UPI3,3
Q9UPQ8,1
Q9UPR5,2
Q9UPU3,2
Q9UPX0,1
Q9UPX6,2
Q9UPY5,2
Q9UPZ6,2
Q9UQ05,1
Q9UQ52,2
Q9UQ53,1
Q9UQ90,1
Q9UQC9,3
Q9UQD0,3
Q9UQF0,1
Q9UQP3,1
Q9UQQ1,2
Q9UQV4,3
Q9Y210,2
Q9Y219,3
Q9Y225,1
Q9Y226,4
Q9Y228,2
Q9Y231,1
Q9Y241,2
Q9Y256,1
Q9Y257,2
Q9Y267,2
Q9Y271,3
Q9Y274,1
Q9Y275,4
Q9Y276,1
Q9Y277,1
Q9Y278,1
Q9Y279,3
Q9Y282,1
Q9Y284,1
Q9Y286,3
Q9Y287,3
Q9Y289,4
Q9Y2A7,1
Q9Y2A9,1
Q9Y2B1,1
Q9Y2B2,1
Q9Y2C2,2
Q9Y2C3,1
Q9Y2C5,2
Q9Y2C9,4
Q9Y2E8,2
Q9Y2G1,1
Q9Y2G3,1
Q9Y2G8,1
Q9Y2H6,2
Q9Y2I2,1
Q9Y2L9,1
Q9Y2Q0,2
Q9Y2R0,2
Q9Y2T5,2
Q9Y2T6,3
Q9Y2U2,2
Q9Y2U8,1
Q9Y2W3,1
Q9Y2Y6,1
Q9Y2Y8,1
Q9Y320,1
Q9Y328,1
Q9Y336,4
Q9Y342,2
Q9Y345,2
Q9Y385,1
Q9Y397,1
Q9Y3B3,4
Q9Y3D6,1
Q9Y3E0,1
Q9Y3N9,2
Q9Y3P4,2
Q9Y3P8,3
Q9Y3Q0,1
Q9Y3Q3,2
Q9Y3Q4,2
Q9Y3Q7,3
Q9Y442,1
Q9Y487,3
Q9Y490,1
Q9Y493,3
Q9Y4A9,2
Q9Y4C0,3
Q9Y4C5,1
Q9Y4D2,3
Q9Y4D7,4
Q9Y4D8,1
Q9Y4W6,1
Q9Y4X1,1
Q9Y519,2
Q9Y548,2
Q9Y561,2
Q9Y584,1
Q9Y585,2
Q9Y5C1,1
Q9Y5E1,3
Q9Y5E2,3
Q9Y5E3,3
Q9Y5E4,3
Q9Y5E5,3
Q9Y5E6,3
Q9Y5E7,3
Q9Y5E8,3
Q9Y5E9,3
Q9Y5F0,3
Q9Y5F1,3
Q9Y5F2,3
Q9Y5F3,3
Q9Y5F6,3
Q9Y5F7,3
Q9Y5F8,3
Q9Y5F9,3
Q9Y5G0,3
Q9Y5G1,3
Q9Y5G2,3
Q9Y5G3,3
Q9Y5G4,3
Q9Y5G5,3
Q9Y5G6,3
Q9Y5G7,3
Q9Y5G8,3
Q9Y5G9,2
Q9Y5H0,3
Q9Y5H1,3
Q9Y5H2,3
Q9Y5H3,3
Q9Y5H4,2
Q9Y5H5,2
Q9Y5H6,2
Q9Y5H7,2
Q9Y5H8,3
Q9Y5H9,2
Q9Y5I0,2
Q9Y5I1,2
Q9Y5I2,2
Q9Y5I3,2
Q9Y5I4,3
Q9Y5I7,3
Q9Y5L2,1
Q9Y5L3,2
Q9Y5M6,1
Q9Y5M8,1
Q9Y5N1,3
Q9Y5P0,3
Q9Y5P1,3
Q9Y5Q0,2
Q9Y5Q5,3
Q9Y5R2,2
Q9Y5S1,4
Q9Y5S8,2
Q9Y5T4,2
Q9Y5U4,2
Q9Y5U5,4
Q9Y5U9,2
Q9Y5W7,2
Q9Y5W8,1
Q9Y5X5,3
Q9Y5Y0,4
Q9Y5Y3,3
Q9Y5Y4,4
Q9Y5Y5,1
Q9Y5Y6,3
Q9Y5Y7,4
Q9Y5Y9,3
Q9Y5Z0,3
Q9Y5Z6,1
Q9Y5Z9,2
Q9Y619,1
Q9Y624,4
Q9Y625,1
Q9Y639,3
Q9Y644,1
Q9Y653,4
Q9Y661,1
Q9Y662,2
Q9Y663,1
Q9Y666,2
Q9Y672,1
Q9Y673,1
Q9Y679,1
Q9Y691,2
Q9Y693,1
Q9Y694,2
Q9Y696,1
Q9Y698,3
Q9Y6A1,1
Q9Y6A2,1
Q9Y6A9,1
Q9Y6C5,2
Q9Y6C7,1
Q9Y6C9,1
Q9Y6D0,1
Q9Y6F6,2
Q9Y6F9,1
Q9Y6G1,2
Q9Y6H6,3
Q9Y6H8,3
Q9Y6J6,2
Q9Y6K0,1
Q9Y6L6,4
Q9Y6M0,1
Q9Y6M5,3
Q9Y6M7,3
Q9Y6N1,1
Q9Y6N7,2
Q9Y6N8,3
Q9Y6Q6,4
Q9Y6R1,3
Q9Y6W8,4
Q9Y6X1,1
Q9Y6X5,3
